cod_ibge,nome,microrregiao,mesorregiao,populacao_2022,pib_mil_reais,idhm,forest_pct,temp_mean_c,precip_annual_mm,humidity_mean_pct,livability_score,rank
3548500,Santos,Santos,Metropolitana de São Paulo,418608,30961718.0000,0.8400,73.9200,23.0000,2689.0000,83.3000,0.8073,1
3500600,Águas de São Pedro,Piracicaba,Piracicaba,2780,185390.0000,0.8540,30.9700,22.2000,1053.0000,68.2000,0.7809,2
3548807,São Caetano do Sul,São Paulo,Metropolitana de São Paulo,165655,22553448.0000,0.8620,0.0000,19.3000,1253.0000,80.4000,0.7599,3
3525904,Jundiaí,Jundiaí,Macro Metropolitana Paulista,443221,65418378.0000,0.8220,36.7700,19.3000,1086.0000,79.0000,0.7300,4
3547809,Santo André,São Paulo,Metropolitana de São Paulo,748919,36931351.0000,0.8150,51.5700,19.0000,1094.0000,83.2000,0.7266,5
3547304,Santana de Parnaíba,Osasco,Metropolitana de São Paulo,154105,14328397.0000,0.8140,40.8100,19.3000,1086.0000,79.0000,0.7174,6
3556206,Valinhos,Campinas,Campinas,126373,10200701.0000,0.8190,14.7600,19.9000,1214.0000,74.8000,0.7086,7
3556701,Vinhedo,Campinas,Campinas,76540,14699664.0000,0.8170,17.5300,19.9000,1214.0000,74.8000,0.7080,8
3548708,São Bernardo do Campo,São Paulo,Metropolitana de São Paulo,810729,71965791.0000,0.8050,54.1200,19.0000,1094.0000,83.2000,0.7072,9
3503208,Araraquara,Araraquara,Araraquara,242228,14689500.0000,0.8150,10.9000,21.4000,1019.0000,66.1000,0.6967,10
3549904,São José dos Campos,São José dos Campos,Vale do Paraíba Paulista,697054,61394524.0000,0.8070,30.5600,21.1000,1140.0000,73.6000,0.6912,11
3548906,São Carlos,São Carlos,Araraquara,254857,18386920.0000,0.8050,20.4500,21.4000,1019.0000,66.1000,0.6875,12
3528502,Mairiporã,Franco da Rocha,Metropolitana de São Paulo,93853,2767181.0000,0.7880,63.1000,19.3000,1253.0000,80.4000,0.6808,13
3550704,São Sebastião,Caraguatatuba,Vale do Paraíba Paulista,81595,17400619.0000,0.7720,88.5200,23.0000,2689.0000,83.3000,0.6709,14
3520400,Ilhabela,Caraguatatuba,Vale do Paraíba Paulista,34934,14830715.0000,0.7560,94.0900,19.4000,1033.0000,78.2000,0.6689,15
3509502,Campinas,Campinas,Campinas,1139047,91968328.0000,0.8050,9.1700,19.9000,1214.0000,74.8000,0.6679,16
3550308,São Paulo,São Paulo,Metropolitana de São Paulo,11451999,1066825105.0000,0.8050,26.9900,19.0000,1094.0000,83.2000,0.6674,17
3518404,Guaratinguetá,Guaratinguetá,Vale do Paraíba Paulista,118044,8369821.0000,0.7980,30.5900,21.6000,1131.0000,69.3000,0.6670,18
3554102,Taubaté,São José dos Campos,Vale do Paraíba Paulista,310739,22607800.0000,0.8000,20.9000,21.1000,1140.0000,73.6000,0.6608,19
3513009,Cotia,Itapecerica da Serra,Metropolitana de São Paulo,274413,19060773.0000,0.7800,54.6400,19.3000,1086.0000,79.0000,0.6588,20
3539301,Pirassununga,Pirassununga,Campinas,73545,4304413.0000,0.8010,13.9400,22.1000,1058.0000,67.3000,0.6559,21
3506003,Bauru,Bauru,Bauru,379146,20654759.0000,0.8010,15.0700,22.1000,971.0000,68.5000,0.6558,22
3543303,Ribeirão Pires,São Paulo,Metropolitana de São Paulo,115559,4853229.0000,0.7840,52.1800,19.0000,1094.0000,83.2000,0.6556,23
3529005,Marília,Marília,Marília,237627,12507571.0000,0.7980,15.4600,21.8000,1067.0000,66.7000,0.6553,24
3555406,Ubatuba,Caraguatatuba,Vale do Paraíba Paulista,92981,3506919.0000,0.7510,92.2400,19.4000,1033.0000,78.2000,0.6546,25
3510500,Caraguatatuba,Caraguatatuba,Vale do Paraíba Paulista,134873,5822815.0000,0.7590,78.3300,19.4000,1033.0000,78.2000,0.6527,26
3513405,Cruzeiro,Guaratinguetá,Vale do Paraíba Paulista,74961,4281962.0000,0.7880,34.5100,21.6000,1131.0000,69.3000,0.6496,27
3507506,Botucatu,Botucatu,Bauru,145155,7992148.0000,0.8000,19.9800,22.3000,913.0000,69.9000,0.6486,28
3549102,São João da Boa Vista,São João da Boa Vista,Campinas,92547,5011181.0000,0.7970,15.2500,22.1000,1058.0000,67.3000,0.6485,29
3546207,Santa Cruz da Conceição,Limeira,Piracicaba,4277,200490.0000,0.7900,16.5800,21.4000,1019.0000,66.1000,0.6470,30
3501608,Americana,Campinas,Campinas,237240,17600566.0000,0.8110,6.5300,22.2000,1053.0000,68.2000,0.6454,31
3509007,Caieiras,Franco da Rocha,Metropolitana de São Paulo,95032,5507619.0000,0.7810,49.9500,19.3000,1253.0000,80.4000,0.6452,32
3552205,Sorocaba,Sorocaba,Macro Metropolitana Paulista,723682,58816286.0000,0.7980,11.4800,20.8000,1205.0000,73.3000,0.6444,33
3515186,Espírito Santo do Pinhal,São João da Boa Vista,Campinas,39816,2715247.0000,0.7870,20.0900,21.7000,1119.0000,67.7000,0.6440,34
3500402,Águas da Prata,São João da Boa Vista,Campinas,7369,272359.0000,0.7810,36.5100,22.1000,1058.0000,67.3000,0.6426,35
3516200,Franca,Franca,Ribeirão Preto,352536,14375667.0000,0.7800,18.0700,20.6000,1144.0000,68.6000,0.6414,36
3519055,Holambra,Campinas,Campinas,15094,1806633.0000,0.7930,7.9000,21.7000,1119.0000,67.7000,0.6401,37
3543907,Rio Claro,Rio Claro,Piracicaba,201418,15427117.0000,0.8030,15.5500,22.2000,1053.0000,68.2000,0.6400,38
3501905,Amparo,Amparo,Campinas,68008,6698469.0000,0.7850,18.8000,21.7000,1119.0000,67.7000,0.6375,39
3503901,Arujá,Guarulhos,Metropolitana de São Paulo,86678,10426127.0000,0.7840,38.5800,19.3000,1253.0000,80.4000,0.6355,40
3551009,São Vicente,Santos,Metropolitana de São Paulo,329911,7414656.0000,0.7680,68.8300,23.0000,2689.0000,83.3000,0.6328,41
3554805,Tremembé,São José dos Campos,Vale do Paraíba Paulista,51173,1091771.0000,0.7850,24.9400,21.1000,1140.0000,73.6000,0.6319,42
3530607,Mogi das Cruzes,Mogi das Cruzes,Metropolitana de São Paulo,451505,26072522.0000,0.7830,43.7600,23.0000,2689.0000,83.3000,0.6308,43
3531100,Mongaguá,Itanhaém,Litoral Sul Paulista,61951,1535906.0000,0.7540,81.5100,19.0000,1094.0000,83.2000,0.6290,44
3508504,Caçapava,São José dos Campos,Vale do Paraíba Paulista,96202,6516271.0000,0.7880,15.6600,21.1000,1140.0000,73.6000,0.6253,45
3543402,Ribeirão Preto,Ribeirão Preto,Ribeirão Preto,698642,52306820.0000,0.8000,7.5400,23.0000,951.0000,65.9000,0.6247,46
3524709,Jaguariúna,Campinas,Campinas,59347,14680878.0000,0.7840,7.6000,21.7000,1119.0000,67.7000,0.6188,47
3550605,São Roque,Sorocaba,Macro Metropolitana Paulista,79484,4532567.0000,0.7680,46.3100,19.3000,1086.0000,79.0000,0.6187,48
3527306,Louveira,Jundiaí,Macro Metropolitana Paulista,51847,20154612.0000,0.7770,19.4600,19.9000,1214.0000,74.8000,0.6180,49
3530805,Mogi Mirim,Mogi Mirim,Campinas,92558,8092719.0000,0.7840,6.1400,21.7000,1119.0000,67.7000,0.6166,50
3522109,Itanhaém,Itanhaém,Litoral Sul Paulista,112476,2956406.0000,0.7450,87.2200,19.0000,1094.0000,83.2000,0.6165,51
3523404,Itatiba,Bragança Paulista,Macro Metropolitana Paulista,121590,10327467.0000,0.7780,16.5700,19.9000,1214.0000,74.8000,0.6161,52
3538006,Pindamonhangaba,São José dos Campos,Vale do Paraíba Paulista,165428,13674680.0000,0.7730,30.5900,21.1000,1140.0000,73.6000,0.6124,53
3504008,Assis,Assis,Assis,101409,4682609.0000,0.8050,14.7000,23.2000,1165.0000,66.3000,0.6106,54
3507605,Bragança Paulista,Bragança Paulista,Macro Metropolitana Paulista,176811,10443288.0000,0.7760,15.9200,19.9000,1214.0000,74.8000,0.6105,55
3505708,Barueri,Osasco,Metropolitana de São Paulo,316473,71646710.0000,0.7860,12.1000,19.3000,1086.0000,79.0000,0.6103,56
3537602,Peruíbe,Itanhaém,Litoral Sul Paulista,68352,2366996.0000,0.7490,76.3300,19.0000,1094.0000,83.2000,0.6098,57
3541000,Praia Grande,Santos,Metropolitana de São Paulo,349935,11396646.0000,0.7540,68.3100,19.0000,1094.0000,83.2000,0.6097,58
3520509,Indaiatuba,Campinas,Campinas,255748,28264863.0000,0.7880,7.9600,19.3000,1086.0000,79.0000,0.6089,59
3547502,Santa Rita do Passa Quatro,Ribeirão Preto,Ribeirão Preto,24833,992180.0000,0.7750,21.6000,22.2000,1050.0000,66.4000,0.6083,60
3530706,Mogi Guaçu,Mogi Mirim,Campinas,153658,9433838.0000,0.7740,15.3600,21.7000,1119.0000,67.7000,0.6070,61
3536505,Paulínia,Campinas,Campinas,110537,67067300.0000,0.7950,5.6000,22.2000,1053.0000,68.2000,0.6069,62
3539400,Piratininga,Bauru,Bauru,15108,389655.0000,0.7790,15.7600,22.1000,971.0000,68.5000,0.6058,63
3545159,Saltinho,Piracicaba,Piracicaba,8161,471342.0000,0.7910,10.8700,22.2000,1053.0000,68.2000,0.6053,64
3504107,Atibaia,Bragança Paulista,Macro Metropolitana Paulista,158647,9426584.0000,0.7650,28.1700,19.9000,1214.0000,74.8000,0.6030,65
3549805,São José do Rio Preto,São José do Rio Preto,São José do Rio Preto,480393,26390121.0000,0.7970,6.2100,23.4000,892.0000,64.0000,0.6030,66
3524402,Jacareí,São José dos Campos,Vale do Paraíba Paulista,240275,19692996.0000,0.7770,17.1800,21.1000,1140.0000,73.6000,0.6020,67
3507001,Boituva,Tatuí,Itapetininga,61081,4474130.0000,0.7800,10.0400,20.8000,1205.0000,73.3000,0.6005,68
3523909,Itu,Sorocaba,Macro Metropolitana Paulista,168240,14012530.0000,0.7730,20.8700,20.8000,1205.0000,73.3000,0.6001,69
3505302,Barra Bonita,Jaú,Bauru,34346,2077901.0000,0.7880,5.1800,22.3000,913.0000,69.9000,0.5991,70
3511508,Cerquilho,Tatuí,Itapetininga,44695,2891328.0000,0.7820,5.6700,20.8000,1205.0000,73.3000,0.5987,71
3538501,Piquete,Guaratinguetá,Vale do Paraíba Paulista,12490,227361.0000,0.7570,48.5200,21.6000,1131.0000,69.3000,0.5982,72
3533403,Nova Odessa,Campinas,Campinas,62019,5613297.0000,0.7910,5.7300,22.2000,1053.0000,68.2000,0.5978,73
3502903,Araçoiaba da Serra,Sorocaba,Macro Metropolitana Paulista,32443,1523194.0000,0.7760,14.5000,20.8000,1205.0000,73.3000,0.5978,74
3537107,Pedreira,Campinas,Campinas,43112,1817292.0000,0.7690,16.7600,21.7000,1119.0000,67.7000,0.5974,75
3551603,Serra Negra,Amparo,Campinas,29894,1025007.0000,0.7670,19.8000,21.7000,1119.0000,67.7000,0.5972,76
3501152,Alumínio,Sorocaba,Macro Metropolitana Paulista,17301,3438994.0000,0.7660,29.2200,20.8000,1205.0000,73.3000,0.5961,77
3545209,Salto,Sorocaba,Macro Metropolitana Paulista,134319,11498959.0000,0.7800,6.5000,20.8000,1205.0000,73.3000,0.5953,78
3549706,São José do Rio Pardo,São João da Boa Vista,Campinas,52205,2876973.0000,0.7740,15.2100,22.1000,1058.0000,67.3000,0.5951,79
3534104,Oriente,Marília,Marília,6085,194079.0000,0.7700,18.5200,21.8000,1067.0000,66.7000,0.5949,80
3509601,Campo Limpo Paulista,Jundiaí,Macro Metropolitana Paulista,77632,3233935.0000,0.7690,27.3300,19.3000,1086.0000,79.0000,0.5932,81
3505500,Barretos,Barretos,Ribeirão Preto,122485,6715414.0000,0.7890,10.5600,23.5000,954.0000,65.5000,0.5928,82
3557006,Votorantim,Sorocaba,Macro Metropolitana Paulista,127923,5209654.0000,0.7670,24.7200,20.8000,1205.0000,73.3000,0.5919,83
3516705,Garça,Marília,Marília,42110,1893766.0000,0.7690,17.9600,21.8000,1067.0000,66.7000,0.5917,84
3538709,Piracicaba,Piracicaba,Piracicaba,423323,44351588.0000,0.7850,10.8900,22.2000,1053.0000,68.2000,0.5915,85
3556453,Vargem Grande Paulista,Itapecerica da Serra,Metropolitana de São Paulo,50415,3524293.0000,0.7700,24.3400,19.3000,1086.0000,79.0000,0.5912,86
3547601,Santa Rosa de Viterbo,Ribeirão Preto,Ribeirão Preto,23411,1131989.0000,0.7700,17.5800,22.2000,1050.0000,66.4000,0.5909,87
3505906,Batatais,Batatais,Ribeirão Preto,58402,3328690.0000,0.7610,12.7800,20.6000,1144.0000,68.6000,0.5896,88
3531209,Monte Alegre do Sul,Amparo,Campinas,8627,304555.0000,0.7590,28.3900,19.9000,1214.0000,74.8000,0.5894,89
3515103,Embu-Guaçu,Itapecerica da Serra,Metropolitana de São Paulo,66970,1742920.0000,0.7490,60.9100,19.0000,1094.0000,83.2000,0.5872,90
3544103,Rio Grande da Serra,São Paulo,Metropolitana de São Paulo,44170,1166050.0000,0.7490,67.6500,23.0000,2689.0000,83.3000,0.5870,91
3506102,Bebedouro,Jaboticabal,Ribeirão Preto,76373,5343661.0000,0.7800,8.4600,23.1000,926.0000,65.3000,0.5862,92
3504503,Avaré,Avaré,Bauru,92805,4408538.0000,0.7670,14.0800,20.3000,1110.0000,73.5000,0.5851,93
3550902,São Simão,Ribeirão Preto,Ribeirão Preto,13442,648092.0000,0.7660,19.6800,22.2000,1050.0000,66.4000,0.5847,94
3518800,Guarulhos,Guarulhos,Metropolitana de São Paulo,1291771,97557674.0000,0.7630,37.0600,19.3000,1253.0000,80.4000,0.5846,95
3510104,Cândido Rodrigues,Jaboticabal,Ribeirão Preto,2889,157951.0000,0.7890,6.0400,23.4000,892.0000,64.0000,0.5842,96
3534302,Orlândia,São Joaquim da Barra,Ribeirão Preto,38319,3247648.0000,0.7800,7.7300,23.5000,1102.0000,63.3000,0.5830,97
3513702,Descalvado,São Carlos,Araraquara,31756,2584483.0000,0.7600,19.9800,21.4000,1019.0000,66.1000,0.5824,98
3503307,Araras,Limeira,Piracicaba,130866,10022873.0000,0.7810,9.4500,22.2000,1053.0000,68.2000,0.5801,99
3502002,Analândia,São Carlos,Araraquara,4589,266292.0000,0.7540,26.9000,21.4000,1019.0000,66.1000,0.5787,100
3541406,Presidente Prudente,Presidente Prudente,Presidente Prudente,225668,11617599.0000,0.8060,7.6800,23.9000,1163.0000,64.2000,0.5785,101
3534401,Osasco,Osasco,Metropolitana de São Paulo,728615,119404053.0000,0.7760,5.3700,19.3000,1086.0000,79.0000,0.5773,102
3511102,Catanduva,Catanduva,São José do Rio Preto,115791,7029953.0000,0.7850,7.4500,23.4000,892.0000,64.0000,0.5769,103
3527207,Lorena,Guaratinguetá,Vale do Paraíba Paulista,84855,4501318.0000,0.7660,19.7800,21.6000,1131.0000,69.3000,0.5769,104
3522604,Itapira,Mogi Mirim,Campinas,72022,6365974.0000,0.7620,13.5200,21.7000,1119.0000,67.7000,0.5764,105
3545803,Santa Bárbara d'Oeste,Campinas,Campinas,183347,10803992.0000,0.7810,5.6700,22.2000,1053.0000,68.2000,0.5745,106
3525300,Jaú,Jaú,Bauru,133497,6542933.0000,0.7780,4.0700,22.3000,913.0000,69.9000,0.5743,107
3506359,Bertioga,Santos,Metropolitana de São Paulo,64188,2663550.0000,0.7300,88.3300,23.0000,2689.0000,83.3000,0.5732,108
3518701,Guarujá,Santos,Metropolitana de São Paulo,287634,11536359.0000,0.7510,54.9000,23.0000,2689.0000,83.3000,0.5729,109
3549953,São Lourenço da Serra,Itapecerica da Serra,Metropolitana de São Paulo,16067,346115.0000,0.7280,83.5800,19.0000,1094.0000,83.2000,0.5717,110
3554508,Tietê,Piracicaba,Piracicaba,37663,2954948.0000,0.7780,8.4600,22.2000,1053.0000,68.2000,0.5717,111
3530508,Mococa,São João da Boa Vista,Campinas,67681,4014553.0000,0.7620,17.2400,22.1000,1058.0000,67.3000,0.5703,112
3509700,Campos do Jordão,Campos do Jordão,Vale do Paraíba Paulista,46974,1946799.0000,0.7490,71.2100,14.7000,1523.0000,79.8000,0.5702,113
3552502,Suzano,Mogi das Cruzes,Metropolitana de São Paulo,307429,18618698.0000,0.7650,30.3600,23.0000,2689.0000,83.3000,0.5694,114
3524303,Jaboticabal,Jaboticabal,Ribeirão Preto,71821,4156253.0000,0.7780,4.3600,23.0000,951.0000,65.9000,0.5690,115
3512704,Corumbataí,Rio Claro,Piracicaba,4195,354604.0000,0.7540,20.0800,21.4000,1019.0000,66.1000,0.5687,116
3524907,Jambeiro,Paraibuna/Paraitinga,Vale do Paraíba Paulista,6397,461642.0000,0.7560,25.6200,19.4000,1033.0000,78.2000,0.5685,117
3538808,Piraju,Ourinhos,Assis,29436,1088629.0000,0.7580,16.9000,20.3000,1110.0000,73.5000,0.5684,118
3500550,Águas de Santa Bárbara,Avaré,Bauru,7177,375562.0000,0.7570,18.2500,20.3000,1110.0000,73.5000,0.5681,119
3521408,Iracemápolis,Limeira,Piracicaba,21967,2403778.0000,0.7760,8.4400,22.2000,1053.0000,68.2000,0.5670,120
3527108,Lins,Lins,Bauru,74779,8610363.0000,0.7860,6.8000,23.5000,924.0000,65.8000,0.5667,121
3520301,Iguape,Registro,Litoral Sul Paulista,29115,1896850.0000,0.7260,82.7500,21.9000,1745.0000,85.9000,0.5662,122
3522307,Itapetininga,Itapetininga,Itapetininga,157790,7962802.0000,0.7630,19.0200,19.3000,1108.0000,81.0000,0.5651,123
3529401,Mauá,São Paulo,Metropolitana de São Paulo,418261,25000732.0000,0.7660,18.6500,19.0000,1094.0000,83.2000,0.5647,124
3544905,Sales Oliveira,São Joaquim da Barra,Ribeirão Preto,11411,529464.0000,0.7720,7.5800,23.5000,1102.0000,63.3000,0.5642,125
3524006,Itupeva,Jundiaí,Macro Metropolitana Paulista,70616,10529260.0000,0.7620,18.4500,19.3000,1086.0000,79.0000,0.5640,126
3502507,Aparecida,Guaratinguetá,Vale do Paraíba Paulista,32569,1369699.0000,0.7550,25.7900,21.1000,1140.0000,73.6000,0.5636,127
3520103,Igarapava,Ituverava,Ribeirão Preto,26212,1422122.0000,0.7680,13.2500,23.5000,1102.0000,63.3000,0.5633,128
3526902,Limeira,Limeira,Piracicaba,291869,20876940.0000,0.7750,7.4900,22.2000,1053.0000,68.2000,0.5633,129
3542602,Registro,Registro,Litoral Sul Paulista,59947,2931915.0000,0.7540,51.5600,21.5000,1887.0000,86.7000,0.5624,130
3552809,Taboão da Serra,Itapecerica da Serra,Metropolitana de São Paulo,273542,12084179.0000,0.7690,6.0000,19.3000,1086.0000,79.0000,0.5620,131
3534708,Ourinhos,Ourinhos,Assis,103970,4902762.0000,0.7780,4.8000,22.5000,1182.0000,69.9000,0.5618,132
3508603,Cachoeira Paulista,Guaratinguetá,Vale do Paraíba Paulista,31564,847786.0000,0.7640,12.0900,21.6000,1131.0000,69.3000,0.5610,133
3522208,Itapecerica da Serra,Itapecerica da Serra,Metropolitana de São Paulo,158522,6215134.0000,0.7420,53.0600,19.0000,1094.0000,83.2000,0.5595,134
3531308,Monte Alto,Jaboticabal,Ribeirão Preto,47574,3062782.0000,0.7680,8.6900,23.1000,926.0000,65.3000,0.5587,135
3528007,Macatuba,Jaú,Bauru,16829,691847.0000,0.7700,5.4000,22.3000,913.0000,69.9000,0.5577,136
3556503,Várzea Paulista,Jundiaí,Macro Metropolitana Paulista,115771,4736062.0000,0.7590,18.1600,19.3000,1086.0000,79.0000,0.5566,137
3539806,Poá,Mogi das Cruzes,Metropolitana de São Paulo,103765,4610760.0000,0.7710,5.1800,19.3000,1253.0000,80.4000,0.5564,138
3556602,Vera Cruz,Marília,Marília,10176,302805.0000,0.7540,17.5600,21.8000,1067.0000,66.7000,0.5563,139
3533908,Olímpia,São José do Rio Preto,São José do Rio Preto,55074,3569676.0000,0.7730,10.5500,23.5000,954.0000,65.5000,0.5557,140
3513504,Cubatão,Santos,Metropolitana de São Paulo,112476,27813388.0000,0.7370,64.9900,23.0000,2689.0000,83.3000,0.5553,141
3508405,Cabreúva,Sorocaba,Macro Metropolitana Paulista,47011,7240981.0000,0.7380,49.3000,19.3000,1086.0000,79.0000,0.5535,142
3553609,Tapiratiba,São João da Boa Vista,Campinas,11816,358653.0000,0.7510,22.7900,22.1000,1058.0000,67.3000,0.5529,143
3504909,Bananal,Bananal,Vale do Paraíba Paulista,9969,282444.0000,0.7330,54.2400,21.6000,1131.0000,69.3000,0.5509,144
3538600,Piracaia,Bragança Paulista,Macro Metropolitana Paulista,26029,799449.0000,0.7390,33.1300,19.9000,1214.0000,74.8000,0.5499,145
3512803,Cosmópolis,Campinas,Campinas,59773,2313364.0000,0.7690,7.8400,22.2000,1053.0000,68.2000,0.5499,146
3526803,Lençóis Paulista,Bauru,Bauru,66505,6564648.0000,0.7640,9.2500,22.3000,913.0000,69.9000,0.5494,147
3524105,Ituverava,Ituverava,Ribeirão Preto,37571,2218625.0000,0.7650,7.5400,23.5000,1102.0000,63.3000,0.5479,148
3501707,Américo Brasiliense,Araraquara,Araraquara,33019,1504962.0000,0.7510,10.4500,21.4000,1019.0000,66.1000,0.5476,149
3529302,Matão,Araraquara,Araraquara,79033,7646780.0000,0.7730,12.2900,23.4000,930.0000,65.3000,0.5468,150
3507803,Brodowski,Ribeirão Preto,Ribeirão Preto,25201,1210305.0000,0.7550,11.0800,22.2000,1050.0000,66.4000,0.5465,151
3540606,Porto Feliz,Sorocaba,Macro Metropolitana Paulista,56497,5067049.0000,0.7580,7.9800,20.8000,1205.0000,73.3000,0.5465,152
3525003,Jandira,Osasco,Metropolitana de São Paulo,118045,5547107.0000,0.7600,9.5400,19.3000,1086.0000,79.0000,0.5463,153
3531407,Monte Aprazível,Nhandeara,São José do Rio Preto,22280,1038560.0000,0.7850,7.5600,24.2000,1011.0000,64.9000,0.5456,154
3540002,Pompéia,Marília,Marília,20196,2509065.0000,0.7860,7.7300,23.8000,1072.0000,63.1000,0.5453,155
3500501,Águas de Lindóia,Amparo,Campinas,17930,801115.0000,0.7450,18.5300,21.7000,1119.0000,67.7000,0.5443,156
3513108,Cravinhos,Ribeirão Preto,Ribeirão Preto,33281,2357353.0000,0.7560,6.9300,22.2000,1050.0000,66.4000,0.5428,157
3528403,Mairinque,Sorocaba,Macro Metropolitana Paulista,50027,2923463.0000,0.7430,33.3700,19.3000,1086.0000,79.0000,0.5418,158
3549409,São Joaquim da Barra,São Joaquim da Barra,Ribeirão Preto,48558,2733786.0000,0.7620,7.8500,23.5000,1102.0000,63.3000,0.5414,159
3540705,Porto Ferreira,Pirassununga,Campinas,52649,3069355.0000,0.7510,13.5000,22.1000,1058.0000,67.3000,0.5393,160
3546256,Santa Cruz da Esperança,Batatais,Ribeirão Preto,2116,101459.0000,0.7430,25.0000,22.2000,1050.0000,66.4000,0.5391,161
3534203,Orindiúva,São José do Rio Preto,São José do Rio Preto,6024,830370.0000,0.7670,8.5200,23.5000,954.0000,65.5000,0.5388,162
3520442,Ilha Solteira,Andradina,Araçatuba,25549,917732.0000,0.8120,3.2600,25.2000,877.0000,59.6000,0.5379,163
3501004,Altinópolis,Batatais,Ribeirão Preto,16818,946538.0000,0.7300,26.3000,20.6000,1144.0000,68.6000,0.5375,164
3536307,Patrocínio Paulista,Franca,Ribeirão Preto,14512,1850012.0000,0.7300,25.8700,20.6000,1144.0000,68.6000,0.5369,165
3536208,Pariquera-Açu,Registro,Litoral Sul Paulista,19233,753097.0000,0.7360,62.2300,21.5000,1887.0000,86.7000,0.5363,166
3539103,Pirapora do Bom Jesus,Osasco,Metropolitana de São Paulo,18370,693314.0000,0.7270,53.9200,19.3000,1086.0000,79.0000,0.5348,167
3503802,Artur Nogueira,Mogi Mirim,Campinas,51456,2162833.0000,0.7490,5.6100,21.7000,1119.0000,67.7000,0.5347,168
3534500,Oscar Bressane,Marília,Marília,2470,123399.0000,0.7490,10.5200,21.8000,1067.0000,66.7000,0.5344,169
3513207,Cristais Paulista,Franca,Ribeirão Preto,9272,449171.0000,0.7340,17.8200,20.6000,1144.0000,68.6000,0.5344,170
3553203,Taiúva,Jaboticabal,Ribeirão Preto,6548,188353.0000,0.7600,4.3500,23.1000,926.0000,65.3000,0.5338,171
3527009,Lindóia,Amparo,Campinas,7014,405308.0000,0.7420,16.0000,21.7000,1119.0000,67.7000,0.5337,172
3554003,Tatuí,Tatuí,Itapetininga,123942,6784535.0000,0.7520,8.5700,20.8000,1205.0000,73.3000,0.5334,173
3507308,Boracéia,Jaú,Bauru,4715,657535.0000,0.7540,5.6300,22.1000,971.0000,68.5000,0.5330,174
3514700,Echaporã,Marília,Marília,6205,187403.0000,0.7450,15.7200,21.8000,1067.0000,66.7000,0.5328,175
3507902,Brotas,Rio Claro,Piracicaba,23898,1555980.0000,0.7400,17.7400,21.4000,1019.0000,66.1000,0.5328,176
3526209,Juquitiba,Itapecerica da Serra,Metropolitana de São Paulo,27404,660665.0000,0.7090,86.9900,19.0000,1094.0000,83.2000,0.5327,177
3500709,Agudos,Bauru,Bauru,37680,3415809.0000,0.7450,19.5900,22.1000,971.0000,68.5000,0.5326,178
3511300,Cedral,São José do Rio Preto,São José do Rio Preto,12618,808870.0000,0.7660,6.8600,23.4000,892.0000,64.0000,0.5320,179
3550407,São Pedro,Piracicaba,Piracicaba,38256,1243177.0000,0.7550,17.7500,22.2000,1053.0000,68.2000,0.5319,180
3553658,Taquaral,Jaboticabal,Ribeirão Preto,2619,92383.0000,0.7590,4.6400,23.1000,926.0000,65.3000,0.5319,181
3546801,Santa Isabel,Guarulhos,Metropolitana de São Paulo,53174,2298061.0000,0.7380,40.2600,19.3000,1253.0000,80.4000,0.5313,182
3551702,Sertãozinho,Ribeirão Preto,Ribeirão Preto,126887,9075018.0000,0.7610,5.1400,23.0000,951.0000,65.9000,0.5307,183
3546405,Santa Cruz do Rio Pardo,Ourinhos,Assis,46442,4319822.0000,0.7620,8.5200,22.5000,1182.0000,69.9000,0.5302,184
3514502,Duartina,Bauru,Bauru,12328,435780.0000,0.7480,12.4500,22.1000,971.0000,68.5000,0.5291,185
3506508,Birigui,Birigui,Araçatuba,118979,4866490.0000,0.7800,4.0800,24.2000,1011.0000,64.9000,0.5289,186
3509205,Cajamar,Osasco,Metropolitana de São Paulo,92689,28984602.0000,0.7280,47.9100,19.3000,1086.0000,79.0000,0.5283,187
3521101,Ipeúna,Rio Claro,Piracicaba,6831,1055776.0000,0.7530,18.0200,22.2000,1053.0000,68.2000,0.5277,188
3525201,Jarinu,Bragança Paulista,Macro Metropolitana Paulista,37535,3546444.0000,0.7330,27.2200,19.9000,1214.0000,74.8000,0.5274,189
3544301,Roseira,Guaratinguetá,Vale do Paraíba Paulista,10832,450314.0000,0.7370,28.8700,21.1000,1140.0000,73.6000,0.5263,190
3544004,Rio das Pedras,Piracicaba,Piracicaba,31328,2037526.0000,0.7590,7.4400,22.2000,1053.0000,68.2000,0.5261,191
3513801,Diadema,São Paulo,Metropolitana de São Paulo,393237,21229085.0000,0.7570,6.5500,19.0000,1094.0000,83.2000,0.5261,192
3525706,José Bonifácio,São José do Rio Preto,São José do Rio Preto,36633,1940540.0000,0.7770,6.6400,24.2000,1011.0000,64.9000,0.5256,193
3552403,Sumaré,Campinas,Campinas,279545,19026093.0000,0.7620,2.1700,22.2000,1053.0000,68.2000,0.5253,194
3522505,Itapevi,Osasco,Metropolitana de São Paulo,232297,15615097.0000,0.7350,34.5100,19.3000,1086.0000,79.0000,0.5249,195
3551306,Sebastianópolis do Sul,Nhandeara,São José do Rio Preto,3130,454542.0000,0.7730,12.1000,24.2000,1011.0000,64.9000,0.5244,196
3510906,Cássia dos Coqueiros,Batatais,Ribeirão Preto,2799,306056.0000,0.7340,29.0300,22.2000,1050.0000,66.4000,0.5241,197
3520426,Ilha Comprida,Registro,Litoral Sul Paulista,13419,2802536.0000,0.7250,55.3200,21.9000,1745.0000,85.9000,0.5237,198
3515004,Embu das Artes,Itapecerica da Serra,Metropolitana de São Paulo,250691,17290650.0000,0.7350,33.1100,19.3000,1086.0000,79.0000,0.5229,199
3512407,Cordeirópolis,Limeira,Piracicaba,24514,4167915.0000,0.7580,6.3900,22.2000,1053.0000,68.2000,0.5222,200
3557303,Estiva Gerbi,Mogi Mirim,Campinas,11295,532212.0000,0.7400,11.0200,21.7000,1119.0000,67.7000,0.5217,201
3531506,Monte Azul Paulista,Jaboticabal,Ribeirão Preto,18151,958014.0000,0.7530,7.1900,23.1000,926.0000,65.3000,0.5217,202
3509908,Cananéia,Registro,Litoral Sul Paulista,12289,330538.0000,0.7200,83.8700,17.8000,2035.0000,88.2000,0.5209,203
3543600,Rifaina,Franca,Ribeirão Preto,4049,232911.0000,0.7400,28.3900,23.5000,1102.0000,63.3000,0.5205,204
3532900,Nova Europa,Araraquara,Araraquara,9311,556400.0000,0.7650,6.9400,23.4000,930.0000,65.3000,0.5204,205
3507100,Bom Jesus dos Perdões,Bragança Paulista,Macro Metropolitana Paulista,22006,1627411.0000,0.7130,54.0000,19.9000,1214.0000,74.8000,0.5202,206
3513306,Cruzália,Assis,Assis,2108,218199.0000,0.7740,1.8100,23.2000,1165.0000,66.3000,0.5198,207
3500105,Adamantina,Adamantina,Presidente Prudente,34687,1705895.0000,0.7900,3.1400,24.5000,1054.0000,63.0000,0.5191,208
3537156,Pedrinhas Paulista,Assis,Assis,2804,177967.0000,0.7740,1.2000,23.2000,1165.0000,66.3000,0.5190,209
3545001,Salesópolis,Mogi das Cruzes,Metropolitana de São Paulo,15202,310985.0000,0.7320,48.0400,23.0000,2689.0000,83.3000,0.5188,210
3545605,Santa Adélia,Catanduva,São José do Rio Preto,14018,560339.0000,0.7600,7.2100,23.4000,892.0000,64.0000,0.5186,211
3546009,Santa Branca,São José dos Campos,Vale do Paraíba Paulista,13975,357556.0000,0.7350,24.1900,19.4000,1033.0000,78.2000,0.5177,212
3528809,Maracaí,Assis,Assis,12673,1039676.0000,0.7710,4.8300,23.2000,1165.0000,66.3000,0.5173,213
3502705,Apiaí,Capão Bonito,Itapetininga,24585,1235626.0000,0.7100,65.8200,19.4000,1135.0000,77.2000,0.5170,214
3526704,Leme,Limeira,Piracicaba,98161,4938512.0000,0.7440,8.3900,22.1000,1058.0000,67.3000,0.5155,215
3510609,Carapicuíba,Osasco,Metropolitana de São Paulo,386984,8436817.0000,0.7490,5.8200,19.3000,1086.0000,79.0000,0.5153,216
3512001,Colina,Barretos,Ribeirão Preto,18486,2052576.0000,0.7570,8.1700,23.5000,954.0000,65.5000,0.5151,217
3502804,Araçatuba,Araçatuba,Araçatuba,200124,11457740.0000,0.7880,3.4900,24.5000,1054.0000,63.0000,0.5150,218
3528601,Manduri,Ourinhos,Assis,9871,361118.0000,0.7390,10.3100,20.3000,1110.0000,73.5000,0.5147,219
3527603,Luís Antônio,Ribeirão Preto,Ribeirão Preto,12265,2385617.0000,0.7310,26.9500,22.2000,1050.0000,66.4000,0.5141,220
3531001,Monções,Nhandeara,São José do Rio Preto,1937,77881.0000,0.7720,6.3900,24.2000,1011.0000,64.9000,0.5137,221
3515608,Fernando Prestes,Jaboticabal,Ribeirão Preto,5942,281662.0000,0.7580,6.8600,23.4000,892.0000,64.0000,0.5135,222
3516408,Franco da Rocha,Franco da Rocha,Metropolitana de São Paulo,144849,5438089.0000,0.7310,38.6700,19.3000,1253.0000,80.4000,0.5127,223
3526605,Lavrinhas,Guaratinguetá,Vale do Paraíba Paulista,7171,169896.0000,0.7290,34.4100,21.6000,1131.0000,69.3000,0.5126,224
3537206,Pedro de Toledo,Itanhaém,Litoral Sul Paulista,11281,208399.0000,0.6960,92.3000,19.0000,1094.0000,83.2000,0.5103,225
3525854,Jumirim,Piracicaba,Piracicaba,3056,287951.0000,0.7410,9.9300,20.8000,1205.0000,73.3000,0.5099,226
3519071,Hortolândia,Campinas,Campinas,236641,22163924.0000,0.7560,1.0800,22.2000,1053.0000,68.2000,0.5098,227
3554409,Terra Roxa,Jaboticabal,Ribeirão Preto,7904,237426.0000,0.7490,5.2300,23.1000,926.0000,65.3000,0.5095,228
3524600,Jacupiranga,Registro,Litoral Sul Paulista,16097,698901.0000,0.7170,73.7300,21.5000,1887.0000,86.7000,0.5090,229
3521309,Ipuã,São Joaquim da Barra,Ribeirão Preto,14454,589810.0000,0.7490,5.9500,23.5000,1102.0000,63.3000,0.5085,230
3539004,Pirangi,Jaboticabal,Ribeirão Preto,10885,535545.0000,0.7560,6.5100,23.4000,892.0000,64.0000,0.5083,231
3541109,Presidente Alves,Bauru,Bauru,3804,112972.0000,0.7350,18.8100,22.1000,971.0000,68.5000,0.5082,232
3506805,Bocaina,Jaú,Bauru,11259,381376.0000,0.7420,15.7200,22.3000,913.0000,69.9000,0.5079,233
3514304,Dourado,São Carlos,Araraquara,8096,1178140.0000,0.7380,22.0400,22.3000,913.0000,69.9000,0.5079,234
3510401,Capivari,Piracicaba,Piracicaba,50068,3824460.0000,0.7500,9.0600,22.2000,1053.0000,68.2000,0.5076,235
3555000,Tupã,Tupã,Marília,63928,3128302.0000,0.7710,5.7300,23.8000,1072.0000,63.1000,0.5076,236
3515509,Fernandópolis,Fernandópolis,São José do Rio Preto,71186,2790708.0000,0.7970,6.2000,25.2000,877.0000,59.6000,0.5075,237
3536703,Pederneiras,Jaú,Bauru,44827,3840421.0000,0.7390,11.7400,22.1000,971.0000,68.5000,0.5071,238
3554706,Torrinha,Rio Claro,Piracicaba,9335,380075.0000,0.7440,11.4700,22.3000,913.0000,69.9000,0.5063,239
3519709,Ibiúna,Piedade,Macro Metropolitana Paulista,75605,3023501.0000,0.7100,61.3200,19.3000,1086.0000,79.0000,0.5062,240
3513900,Divinolândia,São João da Boa Vista,Campinas,11158,528584.0000,0.7340,17.7300,22.1000,1058.0000,67.3000,0.5060,241
3539202,Pirapozinho,Presidente Prudente,Presidente Prudente,25348,1410928.0000,0.7760,5.1400,23.9000,1163.0000,64.2000,0.5052,242
3533601,Nuporanga,São Joaquim da Barra,Ribeirão Preto,7391,1235537.0000,0.7460,8.3500,23.5000,1102.0000,63.3000,0.5051,243
3523602,Itirapina,Rio Claro,Piracicaba,16148,1570273.0000,0.7240,23.5300,21.4000,1019.0000,66.1000,0.5041,244
3550100,São Manuel,Botucatu,Bauru,37289,1889877.0000,0.7440,9.3700,22.3000,913.0000,69.9000,0.5032,245
3517406,Guaíra,São Joaquim da Barra,Ribeirão Preto,39279,3233958.0000,0.7530,6.0900,23.5000,954.0000,65.5000,0.5027,246
3529906,Miracatu,Registro,Litoral Sul Paulista,18553,560827.0000,0.6970,84.9000,21.9000,1745.0000,85.9000,0.5021,247
3522406,Itapeva,Itapeva,Itapetininga,89728,4558512.0000,0.7320,20.6300,19.4000,1135.0000,77.2000,0.5018,248
3556404,Vargem Grande do Sul,São João da Boa Vista,Campinas,40133,1431642.0000,0.7370,10.0500,22.1000,1058.0000,67.3000,0.5017,249
3539905,Poloni,Nhandeara,São José do Rio Preto,5592,199994.0000,0.7660,7.6900,24.2000,1011.0000,64.9000,0.5017,250
3535507,Paraguaçu Paulista,Assis,Assis,41120,3133902.0000,0.7620,7.9800,23.2000,1165.0000,66.3000,0.5011,251
3541901,Queluz,Guaratinguetá,Vale do Paraíba Paulista,9159,481509.0000,0.7220,37.3400,21.6000,1131.0000,69.3000,0.5006,252
3553302,Tambaú,São João da Boa Vista,Campinas,21435,966714.0000,0.7310,18.7600,22.1000,1058.0000,67.3000,0.5006,253
3527504,Lucianópolis,Bauru,Bauru,2372,138654.0000,0.7330,12.5100,21.8000,1067.0000,66.7000,0.5002,254
3536109,Pardinho,Botucatu,Bauru,7153,515971.0000,0.7270,18.9700,20.3000,1110.0000,73.5000,0.4995,255
3515152,Engenheiro Coelho,Mogi Mirim,Campinas,19566,814390.0000,0.7320,8.2800,21.7000,1119.0000,67.7000,0.4992,256
3515707,Ferraz de Vasconcelos,Mogi das Cruzes,Metropolitana de São Paulo,179198,5523981.0000,0.7380,18.1700,19.3000,1253.0000,80.4000,0.4989,257
3552106,Socorro,Amparo,Campinas,40122,1449301.0000,0.7290,12.6400,21.7000,1119.0000,67.7000,0.4986,258
3533502,Novo Horizonte,Novo Horizonte,São José do Rio Preto,38324,2313783.0000,0.7530,12.4700,23.5000,924.0000,65.8000,0.4984,259
3544806,Sales,Novo Horizonte,São José do Rio Preto,6437,266234.0000,0.7510,15.5500,23.5000,924.0000,65.8000,0.4983,260
3528858,Marapoama,Novo Horizonte,São José do Rio Preto,3292,163562.0000,0.7520,6.0200,23.4000,892.0000,64.0000,0.4983,261
3537800,Piedade,Piedade,Macro Metropolitana Paulista,52970,1839652.0000,0.7160,41.4000,20.8000,1205.0000,73.3000,0.4980,262
3511201,Catiguá,Catanduva,São José do Rio Preto,7003,196946.0000,0.7510,7.1000,23.4000,892.0000,64.0000,0.4976,263
3557105,Votuporanga,Votuporanga,São José do Rio Preto,96634,4582203.0000,0.7900,9.7000,25.2000,877.0000,59.6000,0.4964,264
3510203,Capão Bonito,Capão Bonito,Itapetininga,46337,1668882.0000,0.7210,38.3400,19.3000,1108.0000,81.0000,0.4960,265
3502101,Andradina,Andradina,Araçatuba,59783,4464940.0000,0.7790,4.5400,24.5000,1054.0000,63.0000,0.4957,266
3554953,Tuiuti,Bragança Paulista,Macro Metropolitana Paulista,6778,239682.0000,0.7280,13.2900,19.9000,1214.0000,74.8000,0.4953,267
3543253,Ribeirão Grande,Capão Bonito,Itapetininga,7450,127269.0000,0.7050,63.0400,19.3000,1108.0000,81.0000,0.4951,268
3527801,Lupércio,Marília,Marília,3981,115244.0000,0.7240,23.2300,21.8000,1067.0000,66.7000,0.4951,269
3542107,Rafard,Piracicaba,Piracicaba,8965,594930.0000,0.7450,8.3300,22.2000,1053.0000,68.2000,0.4949,270
3535606,Paraibuna,Paraibuna/Paraitinga,Vale do Paraíba Paulista,17667,408569.0000,0.7190,33.8500,19.4000,1033.0000,78.2000,0.4947,271
3511409,Cerqueira César,Avaré,Bauru,21469,1400618.0000,0.7290,12.3800,20.3000,1110.0000,73.5000,0.4945,272
3514924,Elisiário,Catanduva,São José do Rio Preto,3138,121971.0000,0.7470,11.1500,23.4000,892.0000,64.0000,0.4942,273
3535705,Paraíso,Catanduva,São José do Rio Preto,6099,436076.0000,0.7490,7.9600,23.4000,892.0000,64.0000,0.4942,274
3518859,Guatapará,Ribeirão Preto,Ribeirão Preto,7320,353798.0000,0.7430,8.5400,23.0000,951.0000,65.9000,0.4939,275
3530300,Mirassol,São José do Rio Preto,São José do Rio Preto,63337,3345888.0000,0.7620,8.4700,24.2000,1011.0000,64.9000,0.4935,276
3506607,Biritiba Mirim,Mogi das Cruzes,Metropolitana de São Paulo,29683,1111541.0000,0.7120,62.1100,23.0000,2689.0000,83.3000,0.4931,277
3543204,Ribeirão do Sul,Ourinhos,Assis,4677,326855.0000,0.7470,6.7900,22.5000,1182.0000,69.9000,0.4929,278
3537503,Pereiras,Tatuí,Itapetininga,8737,410463.0000,0.7360,6.0500,20.8000,1205.0000,73.3000,0.4926,279
3533809,Óleo,Ourinhos,Assis,2512,143212.0000,0.7300,9.4700,20.3000,1110.0000,73.5000,0.4926,280
3508207,Buritizal,Ituverava,Ribeirão Preto,4356,305568.0000,0.7350,17.1600,23.5000,1102.0000,63.3000,0.4925,281
3508108,Buritama,Birigui,Araçatuba,17210,746204.0000,0.7630,6.1200,24.2000,1011.0000,64.9000,0.4924,282
3538204,Pinhalzinho,Amparo,Campinas,15224,416405.0000,0.7250,16.0300,19.9000,1214.0000,74.8000,0.4924,283
3518305,Guararema,Mogi das Cruzes,Metropolitana de São Paulo,31236,2034663.0000,0.7310,31.4000,23.0000,2689.0000,83.3000,0.4921,284
3540101,Pongaí,Bauru,Bauru,3395,124380.0000,0.7550,4.7400,23.5000,924.0000,65.8000,0.4917,285
3521200,Iporanga,Capão Bonito,Itapetininga,4046,70829.0000,0.7030,90.6900,17.8000,2035.0000,88.2000,0.4915,286
3545308,Salto de Pirapora,Sorocaba,Macro Metropolitana Paulista,43748,2856415.0000,0.7290,16.2500,20.8000,1205.0000,73.3000,0.4913,287
3501509,Alvinlândia,Marília,Marília,2885,82613.0000,0.7220,23.6800,21.8000,1067.0000,66.7000,0.4911,288
3546306,Santa Cruz das Palmeiras,Pirassununga,Campinas,28864,788978.0000,0.7280,16.4900,22.1000,1058.0000,67.3000,0.4903,289
3514601,Dumont,Ribeirão Preto,Ribeirão Preto,9471,414002.0000,0.7440,4.3100,23.0000,951.0000,65.9000,0.4900,290
3510807,Casa Branca,São João da Boa Vista,Campinas,28083,1494279.0000,0.7300,13.1100,22.1000,1058.0000,67.3000,0.4900,291
3534609,Osvaldo Cruz,Adamantina,Presidente Prudente,31272,1615248.0000,0.7620,7.7300,23.8000,1072.0000,63.1000,0.4896,292
3553708,Taquaritinga,Jaboticabal,Ribeirão Preto,52260,2307145.0000,0.7480,6.4100,23.4000,892.0000,64.0000,0.4896,293
3542404,Regente Feijó,Presidente Prudente,Presidente Prudente,20145,1293798.0000,0.7680,6.7200,23.9000,1163.0000,64.2000,0.4889,294
3554755,Trabiju,Araraquara,Araraquara,1682,66641.0000,0.7220,16.2100,21.4000,1019.0000,66.1000,0.4888,295
3520202,Igaratá,São José dos Campos,Vale do Paraíba Paulista,10605,353163.0000,0.7110,35.6900,19.9000,1214.0000,74.8000,0.4887,296
3532058,Motuca,Araraquara,Araraquara,4034,171027.0000,0.7410,8.0800,23.0000,951.0000,65.9000,0.4886,297
3510005,Cândido Mota,Assis,Assis,29449,2482755.0000,0.7470,3.6700,22.5000,1182.0000,69.9000,0.4883,298
3555505,Ubirajara,Bauru,Bauru,5132,201026.0000,0.7270,13.8500,21.8000,1067.0000,66.7000,0.4883,299
3521002,Iperó,Sorocaba,Macro Metropolitana Paulista,36459,1291003.0000,0.7190,29.9800,20.8000,1205.0000,73.3000,0.4882,300
3529708,Miguelópolis,São Joaquim da Barra,Ribeirão Preto,19441,1113098.0000,0.7410,4.5200,23.5000,1102.0000,63.3000,0.4879,301
3535309,Palmital,Assis,Assis,19594,1405807.0000,0.7460,4.4100,22.5000,1182.0000,69.9000,0.4870,302
3504800,Bálsamo,São José do Rio Preto,São José do Rio Preto,9596,367871.0000,0.7560,12.9500,24.2000,1011.0000,64.9000,0.4862,303
3503000,Aramina,Ituverava,Ribeirão Preto,5420,219179.0000,0.7400,4.7700,23.5000,1102.0000,63.3000,0.4859,304
3542800,Ribeira,Capão Bonito,Itapetininga,3132,61922.0000,0.6980,62.9000,19.4000,1135.0000,77.2000,0.4849,305
3538907,Pirajuí,Bauru,Bauru,22431,737809.0000,0.7490,9.4700,23.5000,924.0000,65.8000,0.4848,306
3556800,Viradouro,Jaboticabal,Ribeirão Preto,17414,563836.0000,0.7390,3.7400,23.1000,926.0000,65.3000,0.4842,307
3544251,Rosana,Presidente Prudente,Presidente Prudente,17440,1542731.0000,0.7640,9.7600,23.9000,1163.0000,64.2000,0.4841,308
3556008,Urupês,Novo Horizonte,São José do Rio Preto,13744,647135.0000,0.7450,7.1400,23.4000,892.0000,64.0000,0.4837,309
3551504,Serrana,Ribeirão Preto,Ribeirão Preto,43909,1454535.0000,0.7290,9.2500,22.2000,1050.0000,66.4000,0.4835,310
3505203,Bariri,Jaú,Bauru,31595,1863764.0000,0.7500,5.3200,23.4000,930.0000,65.3000,0.4833,311
3502200,Angatuba,Itapetininga,Itapetininga,24022,1776475.0000,0.7190,19.5400,20.3000,1110.0000,73.5000,0.4818,312
3537305,Penápolis,Birigui,Araçatuba,61679,2743180.0000,0.7590,4.2200,24.2000,1011.0000,64.9000,0.4804,313
3532868,Nova Castilho,Auriflama,São José do Rio Preto,1062,91228.0000,0.7560,8.7700,24.2000,1011.0000,64.9000,0.4801,314
3546900,Santa Lúcia,Araraquara,Araraquara,7149,185362.0000,0.7370,8.5600,23.0000,951.0000,65.9000,0.4800,315
3511706,Charqueada,Piracicaba,Piracicaba,15535,790607.0000,0.7360,12.3300,22.2000,1053.0000,68.2000,0.4799,316
3512308,Conchas,Botucatu,Bauru,15232,551103.0000,0.7360,12.0700,22.2000,1053.0000,68.2000,0.4795,317
3553500,Tapiraí,Piedade,Macro Metropolitana Paulista,7996,223954.0000,0.6810,89.7300,19.3000,1108.0000,81.0000,0.4786,318
3520608,Indiana,Presidente Prudente,Presidente Prudente,5090,99886.0000,0.7610,10.4000,23.9000,1163.0000,64.2000,0.4781,319
3526100,Juquiá,Registro,Litoral Sul Paulista,17154,446418.0000,0.7000,79.3000,21.5000,1887.0000,86.7000,0.4778,320
3542206,Rancharia,Presidente Prudente,Presidente Prudente,28588,1999657.0000,0.7510,9.4200,23.2000,1165.0000,66.3000,0.4777,321
3519600,Ibitinga,Araraquara,Araraquara,60033,2528835.0000,0.7470,6.0600,23.4000,930.0000,65.3000,0.4774,322
3556909,Vista Alegre do Alto,Jaboticabal,Ribeirão Preto,8109,705941.0000,0.7440,4.3600,23.4000,892.0000,64.0000,0.4773,323
3546504,Santa Ernestina,Jaboticabal,Ribeirão Preto,6118,152155.0000,0.7380,5.0100,23.0000,951.0000,65.9000,0.4771,324
3519105,Iacanga,Bauru,Bauru,10437,687530.0000,0.7450,8.8100,23.4000,930.0000,65.3000,0.4768,325
3503406,Arealva,Bauru,Bauru,8130,301110.0000,0.7440,10.3900,23.4000,930.0000,65.3000,0.4768,326
3525102,Jardinópolis,Ribeirão Preto,Ribeirão Preto,45282,2398612.0000,0.7350,9.5000,23.0000,951.0000,65.9000,0.4768,327
3546603,Santa Fé do Sul,Jales,São José do Rio Preto,34794,1988880.0000,0.7840,5.5400,25.2000,877.0000,59.6000,0.4763,328
3532009,Morungaba,Bragança Paulista,Macro Metropolitana Paulista,13720,765641.0000,0.7150,20.4100,19.9000,1214.0000,74.8000,0.4756,329
3508702,Caconde,São João da Boa Vista,Campinas,17101,554109.0000,0.7200,19.0900,22.1000,1058.0000,67.3000,0.4756,330
3533007,Nova Granada,São José do Rio Preto,São José do Rio Preto,19419,732341.0000,0.7390,9.6700,23.5000,954.0000,65.5000,0.4755,331
3519402,Ibirá,São José do Rio Preto,São José do Rio Preto,11690,418178.0000,0.7400,9.3000,23.4000,892.0000,64.0000,0.4753,332
3523701,Itirapuã,Franca,Ribeirão Preto,5779,190876.0000,0.7070,19.6000,20.6000,1144.0000,68.6000,0.4743,333
3553955,Tarumã,Assis,Assis,14882,1153083.0000,0.7530,3.7400,23.2000,1165.0000,66.3000,0.4740,334
3522703,Itápolis,Araraquara,Araraquara,39493,2524858.0000,0.7440,7.8800,23.4000,930.0000,65.3000,0.4731,335
3532504,Neves Paulista,Nhandeara,São José do Rio Preto,9699,384592.0000,0.7540,6.8800,24.2000,1011.0000,64.9000,0.4727,336
3546702,Santa Gertrudes,Limeira,Piracicaba,23611,3568257.0000,0.7370,5.4600,22.2000,1053.0000,68.2000,0.4722,337
3542909,Ribeirão Bonito,São Carlos,Araraquara,10989,494054.0000,0.7120,20.4000,21.4000,1019.0000,66.1000,0.4717,338
3554656,Torre de Pedra,Tatuí,Itapetininga,2046,44087.0000,0.7140,26.6100,20.8000,1205.0000,73.3000,0.4717,339
3534005,Onda Verde,São José do Rio Preto,São José do Rio Preto,4771,370589.0000,0.7380,9.5700,23.4000,892.0000,64.0000,0.4710,340
3502754,Araçariguama,Sorocaba,Macro Metropolitana Paulista,21522,4832077.0000,0.7040,46.7100,19.3000,1086.0000,79.0000,0.4709,341
3509403,Cajuru,Batatais,Ribeirão Preto,23830,1123799.0000,0.7130,25.8100,22.2000,1050.0000,66.4000,0.4707,342
3543709,Rincão,Araraquara,Araraquara,9098,346937.0000,0.7340,6.6400,23.0000,951.0000,65.9000,0.4703,343
3533700,Ocauçu,Marília,Marília,4331,163910.0000,0.7170,17.3200,21.8000,1067.0000,66.7000,0.4702,344
3529807,Mineiros do Tietê,Jaú,Bauru,11230,309941.0000,0.7300,8.7500,22.3000,913.0000,69.9000,0.4698,345
3532603,Nhandeara,Nhandeara,São José do Rio Preto,9852,507862.0000,0.7510,9.6400,24.2000,1011.0000,64.9000,0.4697,346
3517901,Guaraci,São José do Rio Preto,São José do Rio Preto,10350,660486.0000,0.7370,8.5100,23.5000,954.0000,65.5000,0.4692,347
3535804,Paranapanema,Avaré,Bauru,19395,1222547.0000,0.7170,14.0700,20.3000,1110.0000,73.5000,0.4692,348
3506409,Bilac,Birigui,Araçatuba,7319,307745.0000,0.7680,3.5700,24.5000,1054.0000,63.0000,0.4687,349
3508801,Cafelândia,Lins,Bauru,16654,930635.0000,0.7420,9.3500,23.5000,924.0000,65.8000,0.4684,350
3555208,Turiúba,Birigui,Araçatuba,1818,88091.0000,0.7510,7.9900,24.2000,1011.0000,64.9000,0.4673,351
3527900,Lutécia,Assis,Assis,2661,135645.0000,0.7200,10.4600,21.8000,1067.0000,66.7000,0.4671,352
3536570,Paulistânia,Bauru,Bauru,2090,74506.0000,0.7180,17.5800,22.1000,971.0000,68.5000,0.4670,353
3515400,Fartura,Ourinhos,Assis,16641,566395.0000,0.7320,12.8600,22.5000,1182.0000,69.9000,0.4670,354
3538105,Pindorama,Catanduva,São José do Rio Preto,14542,733296.0000,0.7370,8.3700,23.4000,892.0000,64.0000,0.4670,355
3541604,Promissão,Lins,Bauru,35131,3349681.0000,0.7430,6.5700,23.5000,924.0000,65.8000,0.4666,356
3506904,Bofete,Botucatu,Bauru,10460,309773.0000,0.7050,31.1400,20.3000,1110.0000,73.5000,0.4663,357
3548104,Santo Antônio do Jardim,São João da Boa Vista,Campinas,6126,253743.0000,0.7140,14.0700,21.7000,1119.0000,67.7000,0.4659,358
3506300,Bernardino de Campos,Ourinhos,Assis,11607,605499.0000,0.7340,8.9500,22.5000,1182.0000,69.9000,0.4659,359
3542701,Restinga,Franca,Ribeirão Preto,6404,311797.0000,0.7050,16.5500,20.6000,1144.0000,68.6000,0.4652,360
3537404,Pereira Barreto,Andradina,Araçatuba,24095,1495859.0000,0.7660,4.3300,24.5000,1054.0000,63.0000,0.4652,361
3541208,Presidente Bernardes,Presidente Prudente,Presidente Prudente,14490,351783.0000,0.7570,7.8000,23.9000,1163.0000,64.2000,0.4650,362
3540903,Pradópolis,Ribeirão Preto,Ribeirão Preto,17078,1456796.0000,0.7330,4.1500,23.0000,951.0000,65.9000,0.4643,363
3505807,Bastos,Tupã,Marília,21503,1596603.0000,0.7510,7.5600,23.8000,1072.0000,63.1000,0.4639,364
3514809,Eldorado,Registro,Litoral Sul Paulista,13069,423995.0000,0.6910,84.0300,21.5000,1887.0000,86.7000,0.4638,365
3502309,Anhembi,Botucatu,Bauru,5674,315144.0000,0.7210,18.4000,22.3000,913.0000,69.9000,0.4631,366
3555703,União Paulista,Nhandeara,São José do Rio Preto,1603,72244.0000,0.7490,8.1300,24.2000,1011.0000,64.9000,0.4629,367
3501301,Álvares Machado,Presidente Prudente,Presidente Prudente,27255,859771.0000,0.7580,4.7600,23.9000,1163.0000,64.2000,0.4629,368
3539707,Platina,Assis,Assis,3025,160406.0000,0.7190,9.1200,21.8000,1067.0000,66.7000,0.4628,369
3552601,Tabapuã,Catanduva,São José do Rio Preto,11323,397691.0000,0.7350,8.5500,23.4000,892.0000,64.0000,0.4626,370
3553401,Tanabi,São José do Rio Preto,São José do Rio Preto,25265,1592467.0000,0.7480,9.4100,24.2000,1011.0000,64.9000,0.4624,371
3531803,Monte Mor,Campinas,Campinas,64662,6049398.0000,0.7330,5.0900,22.2000,1053.0000,68.2000,0.4623,372
3525508,Joanópolis,Bragança Paulista,Macro Metropolitana Paulista,12815,335737.0000,0.6990,36.5600,19.9000,1214.0000,74.8000,0.4622,373
3522802,Itaporanga,Itapeva,Itapetininga,14085,408307.0000,0.7190,13.3200,19.4000,1135.0000,77.2000,0.4609,374
3537008,Pedregulho,Franca,Ribeirão Preto,15525,1417488.0000,0.7150,26.9800,23.5000,1102.0000,63.3000,0.4605,375
3548609,São Bento do Sapucaí,Campos do Jordão,Vale do Paraíba Paulista,11674,354768.0000,0.7200,41.9000,14.7000,1523.0000,79.8000,0.4600,376
3514106,Dois Córregos,Jaú,Bauru,24510,1187097.0000,0.7250,9.8600,22.3000,913.0000,69.9000,0.4599,377
3518206,Guararapes,Araçatuba,Araçatuba,31043,1718488.0000,0.7630,5.3600,24.5000,1054.0000,63.0000,0.4598,378
3509304,Cajobi,Catanduva,São José do Rio Preto,9133,275001.0000,0.7340,8.1400,23.4000,892.0000,64.0000,0.4597,379
3516507,Gabriel Monteiro,Birigui,Araçatuba,2763,123956.0000,0.7630,4.5400,24.5000,1054.0000,63.0000,0.4586,380
3524808,Jales,Jales,São José do Rio Preto,48776,2590208.0000,0.7760,5.8700,25.2000,877.0000,59.6000,0.4583,381
3540804,Potirendaba,São José do Rio Preto,São José do Rio Preto,18496,1017223.0000,0.7470,8.0100,24.2000,1011.0000,64.9000,0.4581,382
3554300,Teodoro Sampaio,Presidente Prudente,Presidente Prudente,22173,822760.0000,0.7410,28.0300,23.9000,1163.0000,64.2000,0.4575,383
3507209,Borá,Assis,Assis,907,120962.0000,0.7460,11.0700,23.8000,1072.0000,63.1000,0.4574,384
3523800,Itobi,São João da Boa Vista,Campinas,8046,251138.0000,0.7170,11.2200,22.1000,1058.0000,67.3000,0.4571,385
3514403,Dracena,Dracena,Presidente Prudente,45474,1855224.0000,0.7760,5.1700,24.9000,1078.0000,61.1000,0.4569,386
3515905,Floreal,Auriflama,São José do Rio Preto,2733,131171.0000,0.7470,6.9500,24.2000,1011.0000,64.9000,0.4565,387
3504602,Bady Bassitt,São José do Rio Preto,São José do Rio Preto,27260,762195.0000,0.7460,8.2400,24.2000,1011.0000,64.9000,0.4561,388
3521804,Itaí,Avaré,Bauru,25180,1082752.0000,0.7130,11.0700,20.3000,1110.0000,73.5000,0.4555,389
3531704,Monteiro Lobato,Campos do Jordão,Vale do Paraíba Paulista,4138,113891.0000,0.7100,54.6000,14.7000,1523.0000,79.8000,0.4554,390
3526407,Laranjal Paulista,Tatuí,Itapetininga,26261,1688979.0000,0.7290,6.5400,22.2000,1053.0000,68.2000,0.4552,391
3516606,Gália,Marília,Marília,6380,220849.0000,0.7090,19.6900,21.8000,1067.0000,66.7000,0.4551,392
3520806,Inúbia Paulista,Adamantina,Presidente Prudente,3615,176723.0000,0.7590,8.2900,24.5000,1054.0000,63.0000,0.4548,393
3517208,Guaiçara,Lins,Bauru,11239,310852.0000,0.7390,4.6600,23.5000,924.0000,65.8000,0.4545,394
3520004,Igaraçu do Tietê,Jaú,Bauru,23106,477976.0000,0.7270,3.0400,22.3000,913.0000,69.9000,0.4545,395
3503703,Ariranha,Catanduva,São José do Rio Preto,7602,1252002.0000,0.7330,5.9500,23.4000,892.0000,64.0000,0.4541,396
3550209,São Miguel Arcanjo,Piedade,Macro Metropolitana Paulista,32039,1157726.0000,0.7100,27.1000,19.3000,1108.0000,81.0000,0.4540,397
3500303,Aguaí,Pirassununga,Campinas,32072,1773843.0000,0.7150,11.7500,22.1000,1058.0000,67.3000,0.4532,398
3520905,Ipaussu,Ourinhos,Assis,13712,678118.0000,0.7270,11.3200,22.5000,1182.0000,69.9000,0.4531,399
3523503,Itatinga,Avaré,Bauru,19070,601161.0000,0.7060,20.5000,20.3000,1110.0000,73.5000,0.4531,400
3533304,Nova Luzitânia,Auriflama,São José do Rio Preto,2837,70080.0000,0.7430,10.5600,24.2000,1011.0000,64.9000,0.4525,401
3529500,Mendonça,São José do Rio Preto,São José do Rio Preto,6159,593745.0000,0.7440,8.9300,24.2000,1011.0000,64.9000,0.4525,402
3557204,Chavantes,Ourinhos,Assis,12211,477220.0000,0.7290,7.6200,22.5000,1182.0000,69.9000,0.4523,403
3550001,São Luiz do Paraitinga,Paraibuna/Paraitinga,Vale do Paraíba Paulista,10337,252579.0000,0.6970,39.5300,19.4000,1033.0000,78.2000,0.4520,404
3500758,Alambari,Itapetininga,Itapetininga,6141,160252.0000,0.7120,16.2900,20.8000,1205.0000,73.3000,0.4519,405
3509452,Campina do Monte Alegre,Itapetininga,Itapetininga,5954,211436.0000,0.7170,14.2800,19.3000,1108.0000,81.0000,0.4514,406
3525607,João Ramalho,Presidente Prudente,Presidente Prudente,4371,187000.0000,0.7410,7.2200,23.2000,1165.0000,66.3000,0.4512,407
3504305,Avaí,Bauru,Bauru,4483,500953.0000,0.7140,13.0600,22.1000,971.0000,68.5000,0.4511,408
3547700,Santo Anastácio,Presidente Prudente,Presidente Prudente,17963,630473.0000,0.7530,4.3900,23.9000,1163.0000,64.2000,0.4507,409
3504206,Auriflama,Auriflama,São José do Rio Preto,13692,443572.0000,0.7730,5.2300,25.2000,877.0000,59.6000,0.4504,410
3549607,São José do Barreiro,Bananal,Vale do Paraíba Paulista,3853,80553.0000,0.6840,63.0900,21.6000,1131.0000,69.3000,0.4502,411
3528106,Macaubal,Nhandeara,São José do Rio Preto,7481,245038.0000,0.7430,8.9600,24.2000,1011.0000,64.9000,0.4502,412
3534757,Ouroeste,Fernandópolis,São José do Rio Preto,10294,670735.0000,0.7700,9.8300,25.2000,877.0000,59.6000,0.4502,413
3514957,Embaúba,Catanduva,São José do Rio Preto,2323,93032.0000,0.7300,7.5200,23.4000,892.0000,64.0000,0.4495,414
3547650,Santa Salete,Jales,São José do Rio Preto,1645,66140.0000,0.7720,5.9000,25.2000,877.0000,59.6000,0.4490,415
3522901,Itapuí,Jaú,Bauru,13659,1311338.0000,0.7250,2.4600,22.3000,913.0000,69.9000,0.4490,416
3521903,Itajobi,Novo Horizonte,São José do Rio Preto,16989,1278534.0000,0.7300,7.0300,23.4000,892.0000,64.0000,0.4488,417
3547908,Santo Antônio da Alegria,Batatais,Ribeirão Preto,6775,282937.0000,0.7020,27.8300,22.2000,1050.0000,66.4000,0.4482,418
3547205,Santana da Ponte Pensa,Jales,São José do Rio Preto,1670,56776.0000,0.7730,3.5300,25.2000,877.0000,59.6000,0.4479,419
3556354,Vargem,Bragança Paulista,Macro Metropolitana Paulista,10512,222012.0000,0.6990,26.4700,19.9000,1214.0000,74.8000,0.4474,420
3548054,Santo Antônio do Aracanguá,Araçatuba,Araçatuba,8379,380219.0000,0.7570,6.2400,24.5000,1054.0000,63.0000,0.4471,421
3527256,Lourdes,Birigui,Araçatuba,1950,55440.0000,0.7420,8.2800,24.2000,1011.0000,64.9000,0.4469,422
3540200,Pontal,Ribeirão Preto,Ribeirão Preto,37607,2153954.0000,0.7250,4.8600,23.0000,951.0000,65.9000,0.4468,423
3523305,Itariri,Itanhaém,Litoral Sul Paulista,15528,400627.0000,0.6770,78.5500,21.9000,1745.0000,85.9000,0.4464,424
3539509,Pitangueiras,Jaboticabal,Ribeirão Preto,33674,1830160.0000,0.7230,3.2000,23.1000,926.0000,65.3000,0.4463,425
3553005,Taguaí,Ourinhos,Assis,12669,409335.0000,0.7090,10.0400,20.3000,1110.0000,73.5000,0.4447,426
3519303,Ibaté,São Carlos,Araraquara,32178,1516837.0000,0.7030,16.1400,21.4000,1019.0000,66.1000,0.4446,427
3505609,Barrinha,Ribeirão Preto,Ribeirão Preto,32092,737580.0000,0.7250,3.2300,23.0000,951.0000,65.9000,0.4444,428
3512209,Conchal,Limeira,Piracicaba,28101,1093664.0000,0.7080,8.7600,21.7000,1119.0000,67.7000,0.4442,429
3548203,Santo Antônio do Pinhal,Campos do Jordão,Vale do Paraíba Paulista,7133,191747.0000,0.7060,52.8400,14.7000,1523.0000,79.8000,0.4436,430
3532801,Nova Aliança,São José do Rio Preto,São José do Rio Preto,6693,361490.0000,0.7380,11.7100,24.2000,1011.0000,64.9000,0.4426,431
3530409,Mirassolândia,São José do Rio Preto,São José do Rio Preto,4669,378154.0000,0.7380,11.5100,24.2000,1011.0000,64.9000,0.4423,432
3551108,Sarapuí,Sorocaba,Macro Metropolitana Paulista,10369,270123.0000,0.7070,16.8900,20.8000,1205.0000,73.3000,0.4412,433
3536604,Paulo de Faria,São José do Rio Preto,São José do Rio Preto,7400,426146.0000,0.7250,8.4200,23.5000,954.0000,65.5000,0.4412,434
3542503,Reginópolis,Bauru,Bauru,7662,270644.0000,0.7280,10.7500,23.4000,930.0000,65.3000,0.4402,435
3519907,Iepê,Assis,Assis,7619,503732.0000,0.7360,7.5100,23.2000,1165.0000,66.3000,0.4401,436
3517505,Guapiaçu,São José do Rio Preto,São José do Rio Preto,21711,1134077.0000,0.7250,8.8200,23.4000,892.0000,64.0000,0.4398,437
3530904,Mombuca,Piracicaba,Piracicaba,3722,179189.0000,0.7190,11.6400,22.2000,1053.0000,68.2000,0.4395,438
3554607,Timburi,Ourinhos,Assis,2464,80268.0000,0.7100,28.8300,22.5000,1182.0000,69.9000,0.4393,439
3555109,Tupi Paulista,Dracena,Presidente Prudente,15854,446938.0000,0.7690,3.0800,24.9000,1078.0000,61.1000,0.4376,440
3517703,Guará,Ituverava,Ribeirão Preto,18606,854715.0000,0.7180,6.6400,23.5000,1102.0000,63.3000,0.4376,441
3541703,Quatá,Assis,Assis,13163,1087543.0000,0.7380,10.0900,23.8000,1072.0000,63.1000,0.4374,442
3507407,Borborema,Araraquara,Araraquara,14226,704921.0000,0.7300,5.1200,23.4000,930.0000,65.3000,0.4366,443
3509809,Campos Novos Paulista,Assis,Assis,4888,342295.0000,0.7060,11.7500,21.8000,1067.0000,66.7000,0.4365,444
3550803,São Sebastião da Grama,São João da Boa Vista,Campinas,10441,481876.0000,0.7010,22.3900,22.1000,1058.0000,67.3000,0.4363,445
3519808,Icém,São José do Rio Preto,São José do Rio Preto,7819,263932.0000,0.7200,12.8100,23.5000,954.0000,65.5000,0.4361,446
3507456,Borebi,Bauru,Bauru,2713,118452.0000,0.7050,16.7000,22.1000,971.0000,68.5000,0.4356,447
3503505,Areias,Bananal,Vale do Paraíba Paulista,3577,75042.0000,0.6970,32.5100,21.6000,1131.0000,69.3000,0.4356,448
3523206,Itararé,Itapeva,Itapetininga,44438,1406445.0000,0.7030,21.2000,19.4000,1135.0000,77.2000,0.4354,449
3544608,Sabino,Lins,Bauru,5112,183225.0000,0.7280,8.5100,23.5000,924.0000,65.8000,0.4346,450
3530102,Mirandópolis,Andradina,Araçatuba,27983,978818.0000,0.7510,7.1800,24.5000,1054.0000,63.0000,0.4346,451
3527405,Lucélia,Adamantina,Presidente Prudente,20061,600068.0000,0.7520,4.9000,24.5000,1054.0000,63.0000,0.4336,452
3543105,Ribeirão Corrente,Franca,Ribeirão Preto,4608,282574.0000,0.7110,14.8600,23.5000,1102.0000,63.3000,0.4334,453
3515657,Fernão,Marília,Marília,1656,102634.0000,0.7030,14.2900,21.8000,1067.0000,66.7000,0.4333,454
3548401,Santópolis do Aguapeí,Birigui,Araçatuba,3899,97802.0000,0.7400,4.0800,23.8000,1072.0000,63.1000,0.4333,455
3516309,Francisco Morato,Franco da Rocha,Metropolitana de São Paulo,165139,2237469.0000,0.7030,28.2500,19.3000,1253.0000,80.4000,0.4325,456
3535101,Palmares Paulista,Catanduva,São José do Rio Preto,9650,209646.0000,0.7220,7.9200,23.4000,892.0000,64.0000,0.4315,457
3518602,Guariba,Jaboticabal,Ribeirão Preto,37498,1517994.0000,0.7190,3.6500,23.0000,951.0000,65.9000,0.4311,458
3532405,Nazaré Paulista,Bragança Paulista,Macro Metropolitana Paulista,18217,595410.0000,0.6780,48.5400,19.9000,1214.0000,74.8000,0.4310,459
3541059,Pratânia,Botucatu,Bauru,5126,252655.0000,0.7010,13.1700,20.3000,1110.0000,73.5000,0.4307,460
3517307,Guaimbê,Lins,Bauru,5512,593772.0000,0.7280,5.6600,23.5000,924.0000,65.8000,0.4305,461
3549508,São José da Bela Vista,Franca,Ribeirão Preto,7626,336022.0000,0.6930,11.5600,20.6000,1144.0000,68.6000,0.4301,462
3502408,Anhumas,Presidente Prudente,Presidente Prudente,4023,132376.0000,0.7410,8.4000,23.9000,1163.0000,64.2000,0.4288,463
3514007,Dobrada,Araraquara,Araraquara,8759,213755.0000,0.7180,3.5900,23.0000,951.0000,65.9000,0.4287,464
3555604,Uchoa,São José do Rio Preto,São José do Rio Preto,10394,521824.0000,0.7210,7.1600,23.4000,892.0000,64.0000,0.4281,465
3523107,Itaquaquecetuba,Mogi das Cruzes,Metropolitana de São Paulo,369275,11979260.0000,0.7140,7.7500,19.3000,1253.0000,80.4000,0.4280,466
3507704,Braúna,Birigui,Araçatuba,5356,157855.0000,0.7370,4.9700,23.8000,1072.0000,63.1000,0.4276,467
3536000,Parapuã,Adamantina,Presidente Prudente,10580,1150356.0000,0.7370,4.8500,23.8000,1072.0000,63.1000,0.4274,468
3548005,Santo Antônio de Posse,Mogi Mirim,Campinas,23244,2146890.0000,0.7020,6.2700,21.7000,1119.0000,67.7000,0.4266,469
3541505,Presidente Venceslau,Presidente Prudente,Presidente Prudente,35201,1096298.0000,0.7630,4.1500,24.9000,1078.0000,61.1000,0.4253,470
3515301,Estrela do Norte,Presidente Prudente,Presidente Prudente,2703,69692.0000,0.7400,7.5700,23.9000,1163.0000,64.2000,0.4252,471
3542008,Quintana,Tupã,Marília,7038,371696.0000,0.7320,11.1600,23.8000,1072.0000,63.1000,0.4251,472
3511607,Cesário Lange,Tatuí,Itapetininga,19048,1215884.0000,0.7060,6.9600,20.8000,1205.0000,73.3000,0.4243,473
3533254,Novais,Catanduva,São José do Rio Preto,4412,105507.0000,0.7190,7.6900,23.4000,892.0000,64.0000,0.4242,474
3521150,Ipiguá,São José do Rio Preto,São José do Rio Preto,6761,173091.0000,0.7300,11.4200,24.2000,1011.0000,64.9000,0.4236,475
3535002,Palestina,São José do Rio Preto,São José do Rio Preto,11476,603348.0000,0.7320,7.9400,24.2000,1011.0000,64.9000,0.4232,476
3517109,Glicério,Birigui,Araçatuba,4138,188392.0000,0.7350,3.0600,24.2000,1011.0000,64.9000,0.4230,477
3509254,Cajati,Registro,Litoral Sul Paulista,28515,1987670.0000,0.6940,58.1900,17.8000,2035.0000,88.2000,0.4230,478
3515202,Estrela d'Oeste,Fernandópolis,São José do Rio Preto,9417,1317163.0000,0.7600,7.0400,25.2000,877.0000,59.6000,0.4229,479
3540507,Porangaba,Tatuí,Itapetininga,10451,309200.0000,0.7030,10.5900,20.8000,1205.0000,73.3000,0.4227,480
3553807,Taquarituba,Itapeva,Itapetininga,24350,1279103.0000,0.7010,6.9500,20.3000,1110.0000,73.5000,0.4216,481
3547403,Santa Rita d'Oeste,Jales,São José do Rio Preto,2733,105525.0000,0.7610,4.5800,25.2000,877.0000,59.6000,0.4216,482
3510302,Capela do Alto,Sorocaba,Macro Metropolitana Paulista,22866,536048.0000,0.6990,15.6800,20.8000,1205.0000,73.3000,0.4209,483
3526308,Lagoinha,Paraibuna/Paraitinga,Vale do Paraíba Paulista,5083,101411.0000,0.6930,24.3500,19.4000,1033.0000,78.2000,0.4205,484
3500808,Alfredo Marcondes,Presidente Prudente,Presidente Prudente,4445,158137.0000,0.7410,2.6700,23.9000,1163.0000,64.2000,0.4204,485
3553104,Taiaçu,Jaboticabal,Ribeirão Preto,5677,155640.0000,0.7100,6.1000,23.1000,926.0000,65.3000,0.4204,486
3505005,Barão de Antonina,Itapeva,Itapetininga,3531,80403.0000,0.7110,13.4200,22.5000,1182.0000,69.9000,0.4191,487
3519204,Iacri,Tupã,Marília,6131,372134.0000,0.7330,5.1100,23.8000,1072.0000,63.1000,0.4185,488
3528304,Magda,Auriflama,São José do Rio Preto,3165,168949.0000,0.7530,14.2100,25.2000,877.0000,59.6000,0.4171,489
3516853,Gavião Peixoto,Araraquara,Araraquara,4702,1735633.0000,0.7190,8.6200,23.4000,930.0000,65.3000,0.4162,490
3506201,Bento de Abreu,Araçatuba,Araçatuba,2606,288020.0000,0.7440,5.6300,24.5000,1054.0000,63.0000,0.4161,491
3509957,Canas,Guaratinguetá,Vale do Paraíba Paulista,4931,121017.0000,0.7040,7.8800,21.6000,1131.0000,69.3000,0.4157,492
3500204,Adolfo,São José do Rio Preto,São José do Rio Preto,4351,215283.0000,0.7300,5.3800,24.2000,1011.0000,64.9000,0.4148,493
3551801,Sete Barras,Registro,Litoral Sul Paulista,12730,461849.0000,0.6730,79.0400,21.5000,1887.0000,86.7000,0.4148,494
3544509,Rubinéia,Jales,São José do Rio Preto,3833,196382.0000,0.7590,2.9000,25.2000,877.0000,59.6000,0.4145,495
3551900,Severínia,Catanduva,São José do Rio Preto,14576,340597.0000,0.7150,5.3800,23.4000,892.0000,64.0000,0.4116,496
3537909,Pilar do Sul,Piedade,Macro Metropolitana Paulista,27619,1502794.0000,0.6900,29.7500,19.3000,1108.0000,81.0000,0.4115,497
3525409,Jeriquara,Franca,Ribeirão Preto,3863,308789.0000,0.7030,12.4300,23.5000,1102.0000,63.3000,0.4113,498
3512100,Colômbia,Barretos,Ribeirão Preto,6629,743433.0000,0.7100,11.7100,23.5000,954.0000,65.5000,0.4112,499
3557154,Zacarias,São José do Rio Preto,São José do Rio Preto,2692,177562.0000,0.7290,4.3600,24.2000,1011.0000,64.9000,0.4110,500
3552908,Taciba,Presidente Prudente,Presidente Prudente,6260,242091.0000,0.7230,8.2000,23.2000,1165.0000,66.3000,0.4109,501
3503158,Arapeí,Bananal,Vale do Paraíba Paulista,2330,53236.0000,0.6800,41.6200,21.6000,1131.0000,69.3000,0.4095,502
3508306,Cabrália Paulista,Bauru,Bauru,4299,177481.0000,0.6940,15.6000,22.1000,971.0000,68.5000,0.4084,503
3525805,Júlio Mesquita,Lins,Bauru,4254,82839.0000,0.7160,9.5600,23.5000,924.0000,65.8000,0.4084,504
3517000,Getulina,Lins,Bauru,10232,272841.0000,0.7170,7.1500,23.5000,924.0000,65.8000,0.4071,505
3529203,Martinópolis,Presidente Prudente,Presidente Prudente,24881,949416.0000,0.7210,8.3600,23.2000,1165.0000,66.3000,0.4065,506
3531902,Morro Agudo,São Joaquim da Barra,Ribeirão Preto,27933,1980195.0000,0.7120,5.2500,23.5000,954.0000,65.5000,0.4064,507
3501400,Álvaro de Carvalho,Marília,Marília,4808,69377.0000,0.6880,19.6500,21.8000,1067.0000,66.7000,0.4063,508
3513603,Cunha,Paraibuna/Paraitinga,Vale do Paraíba Paulista,22110,432941.0000,0.6840,33.0100,21.6000,1131.0000,69.3000,0.4061,509
3524204,Jaborandi,São Joaquim da Barra,Ribeirão Preto,6221,247095.0000,0.7110,5.9300,23.5000,954.0000,65.5000,0.4051,510
3521507,Irapuã,Novo Horizonte,São José do Rio Preto,6867,282416.0000,0.7130,11.6400,23.5000,924.0000,65.8000,0.4044,511
3524501,Jaci,São José do Rio Preto,São José do Rio Preto,7613,880800.0000,0.7230,8.9700,24.2000,1011.0000,64.9000,0.4038,512
3521705,Itaberá,Itapeva,Itapetininga,17983,1058159.0000,0.6930,15.1100,19.4000,1135.0000,77.2000,0.4032,513
3550506,São Pedro do Turvo,Ourinhos,Assis,7217,393936.0000,0.7030,15.0800,22.5000,1182.0000,69.9000,0.4030,514
3549250,São João de Iracema,Auriflama,São José do Rio Preto,1846,69614.0000,0.7480,12.3200,25.2000,877.0000,59.6000,0.4028,515
3517604,Guapiara,Capão Bonito,Itapetininga,17071,585182.0000,0.6750,43.2700,19.4000,1135.0000,77.2000,0.4028,516
3535200,Palmeira d'Oeste,Jales,São José do Rio Preto,8903,308864.0000,0.7530,4.3900,25.2000,877.0000,59.6000,0.4028,517
3516804,Gastão Vidigal,Auriflama,São José do Rio Preto,3252,101942.0000,0.7230,7.8600,24.2000,1011.0000,64.9000,0.4022,518
3515194,Espírito Santo do Turvo,Ourinhos,Assis,4157,181809.0000,0.6960,8.1600,22.1000,971.0000,68.5000,0.4022,519
3518107,Guarantã,Bauru,Bauru,6427,312045.0000,0.7130,9.8800,23.5000,924.0000,65.8000,0.4019,520
3512902,Cosmorama,Votuporanga,São José do Rio Preto,8719,878427.0000,0.7220,9.0300,24.2000,1011.0000,64.9000,0.4016,521
3520707,Indiaporã,Fernandópolis,São José do Rio Preto,4035,167087.0000,0.7510,6.4400,25.2000,877.0000,59.6000,0.4011,522
3508900,Caiabu,Presidente Prudente,Presidente Prudente,3712,88015.0000,0.7290,8.4200,23.9000,1163.0000,64.2000,0.4010,523
3519006,Herculândia,Tupã,Marília,9125,552689.0000,0.7270,2.4800,23.8000,1072.0000,63.1000,0.4008,524
3554904,Três Fronteiras,Jales,São José do Rio Preto,6804,155505.0000,0.7530,2.6100,25.2000,877.0000,59.6000,0.4001,525
3548302,Santo Expedito,Presidente Prudente,Presidente Prudente,3000,60256.0000,0.7320,2.3800,23.9000,1163.0000,64.2000,0.3991,526
3519501,Ibirarema,Assis,Assis,6385,331387.0000,0.7080,4.2500,22.5000,1182.0000,69.9000,0.3987,527
3539608,Planalto,São José do Rio Preto,São José do Rio Preto,4389,331487.0000,0.7190,11.3900,24.2000,1011.0000,64.9000,0.3981,528
3511904,Clementina,Birigui,Araçatuba,6982,254107.0000,0.7250,3.5100,23.8000,1072.0000,63.1000,0.3976,529
3544707,Sagres,Adamantina,Presidente Prudente,2474,72625.0000,0.7300,4.0900,23.9000,1163.0000,64.2000,0.3969,530
3540754,Potim,Guaratinguetá,Vale do Paraíba Paulista,20392,355271.0000,0.6970,3.5700,21.1000,1140.0000,73.6000,0.3965,531
3551405,Serra Azul,Ribeirão Preto,Ribeirão Preto,12746,269297.0000,0.6860,17.7100,22.2000,1050.0000,66.4000,0.3962,532
3543808,Rinópolis,Adamantina,Presidente Prudente,9259,495680.0000,0.7230,5.6900,23.8000,1072.0000,63.1000,0.3962,533
3514908,Elias Fausto,Campinas,Campinas,17699,2159509.0000,0.6950,4.3000,20.8000,1205.0000,73.3000,0.3949,534
3541307,Presidente Epitácio,Presidente Prudente,Presidente Prudente,39505,1521762.0000,0.7500,3.9100,24.9000,1078.0000,61.1000,0.3948,535
3516903,General Salgado,Auriflama,São José do Rio Preto,10312,348923.0000,0.7470,7.8500,25.2000,877.0000,59.6000,0.3939,536
3545407,Salto Grande,Ourinhos,Assis,9050,394928.0000,0.7040,7.0800,22.5000,1182.0000,69.9000,0.3935,537
3549300,São João do Pau d'Alho,Dracena,Presidente Prudente,2242,83376.0000,0.7500,2.9100,24.9000,1078.0000,61.1000,0.3933,538
3503356,Arco-Íris,Tupã,Marília,2044,136329.0000,0.7220,5.2600,23.8000,1072.0000,63.1000,0.3932,539
3518503,Guareí,Itapetininga,Itapetininga,15013,386201.0000,0.6870,21.7100,19.3000,1108.0000,81.0000,0.3928,540
3537701,Piacatu,Birigui,Araçatuba,5519,160075.0000,0.7320,8.5400,24.5000,1054.0000,63.0000,0.3925,541
3552007,Silveiras,Bananal,Vale do Paraíba Paulista,6186,116266.0000,0.6780,31.8100,21.6000,1131.0000,69.3000,0.3905,542
3512605,Coronel Macedo,Itapeva,Itapetininga,4280,165849.0000,0.6900,10.8200,19.4000,1135.0000,77.2000,0.3900,543
3555901,Uru,Bauru,Bauru,1387,66750.0000,0.7120,3.2000,23.5000,924.0000,65.8000,0.3898,544
3553906,Tarabai,Presidente Prudente,Presidente Prudente,6536,187171.0000,0.7260,4.9400,23.9000,1163.0000,64.2000,0.3889,545
3515129,Emilianópolis,Presidente Prudente,Presidente Prudente,3014,97866.0000,0.7270,3.2200,23.9000,1163.0000,64.2000,0.3887,546
3501806,Américo de Campos,Votuporanga,São José do Rio Preto,5870,175848.0000,0.7450,6.9400,25.2000,877.0000,59.6000,0.3879,547
3552304,Sud Mennucci,Andradina,Araçatuba,7355,302801.0000,0.7470,3.4400,25.2000,877.0000,59.6000,0.3874,548
3512506,Coroados,Birigui,Araçatuba,5400,335405.0000,0.7190,3.8200,24.2000,1011.0000,64.9000,0.3870,549
3532157,Nantes,Assis,Assis,2660,189556.0000,0.7140,5.9000,23.2000,1165.0000,66.3000,0.3867,550
3503109,Arandu,Avaré,Bauru,6885,217238.0000,0.6850,8.3400,20.3000,1110.0000,73.5000,0.3865,551
3555802,Urânia,Jales,São José do Rio Preto,8833,366620.0000,0.7460,4.2100,25.2000,877.0000,59.6000,0.3863,552
3536802,Pedra Bela,Amparo,Campinas,6557,147569.0000,0.6770,18.5900,19.9000,1214.0000,74.8000,0.3848,553
3526001,Junqueirópolis,Dracena,Presidente Prudente,20448,940871.0000,0.7450,3.9300,24.9000,1078.0000,61.1000,0.3832,554
3552700,Tabatinga,Araraquara,Araraquara,14769,512361.0000,0.7040,9.8400,23.4000,930.0000,65.3000,0.3832,555
3503604,Areiópolis,Bauru,Bauru,10130,221707.0000,0.6950,4.8400,22.3000,913.0000,69.9000,0.3829,556
3513850,Dirce Reis,Jales,São José do Rio Preto,1620,99485.0000,0.7410,9.7700,25.2000,877.0000,59.6000,0.3828,557
3531605,Monte Castelo,Dracena,Presidente Prudente,4222,161947.0000,0.7410,9.4400,24.9000,1078.0000,61.1000,0.3820,558
3530201,Mirante do Paranapanema,Presidente Prudente,Presidente Prudente,15917,651108.0000,0.7240,3.2400,23.9000,1163.0000,64.2000,0.3818,559
3530003,Mira Estrela,Fernandópolis,São José do Rio Preto,3126,77240.0000,0.7430,5.8000,25.2000,877.0000,59.6000,0.3816,560
3516101,Florínea,Assis,Assis,3851,216161.0000,0.7130,3.7900,23.2000,1165.0000,66.3000,0.3813,561
3532207,Narandiba,Presidente Prudente,Presidente Prudente,5713,896057.0000,0.7180,12.3400,23.9000,1163.0000,64.2000,0.3812,562
3536901,Pedranópolis,Fernandópolis,São José do Rio Preto,2787,116928.0000,0.7420,6.6300,25.2000,877.0000,59.6000,0.3805,563
3522000,Itaju,Jaú,Bauru,3618,308305.0000,0.7050,5.9500,23.4000,930.0000,65.3000,0.3798,564
3519253,Iaras,Avaré,Bauru,8010,326007.0000,0.6740,20.5800,20.3000,1110.0000,73.5000,0.3790,565
3532702,Nipoã,Nhandeara,São José do Rio Preto,4750,146719.0000,0.7130,7.3800,24.2000,1011.0000,64.9000,0.3783,566
3547007,Santa Maria da Serra,Piracicaba,Piracicaba,5243,197769.0000,0.6860,15.4600,22.3000,913.0000,69.9000,0.3776,567
3522653,Itapirapuã Paulista,Capão Bonito,Itapetininga,4306,77308.0000,0.6610,48.1000,19.4000,1135.0000,77.2000,0.3774,568
3541802,Queiroz,Tupã,Marília,3265,1095800.0000,0.7150,4.7300,23.8000,1072.0000,63.1000,0.3762,569
3556305,Valparaíso,Araçatuba,Araçatuba,24241,1426927.0000,0.7250,8.1600,24.5000,1054.0000,63.0000,0.3757,570
3504404,Avanhandava,Birigui,Araçatuba,11263,295755.0000,0.7050,4.6200,23.5000,924.0000,65.8000,0.3756,571
3532108,Murutinga do Sul,Andradina,Araçatuba,3737,113474.0000,0.7260,6.4400,24.5000,1054.0000,63.0000,0.3755,572
3528205,Macedônia,Fernandópolis,São José do Rio Preto,3963,123750.0000,0.7400,6.3400,25.2000,877.0000,59.6000,0.3755,573
3505351,Barra do Chapéu,Capão Bonito,Itapetininga,5179,202870.0000,0.6600,47.7200,19.4000,1135.0000,77.2000,0.3745,574
3514205,Dolcinópolis,Jales,São José do Rio Preto,2207,84390.0000,0.7420,2.2500,25.2000,877.0000,59.6000,0.3741,575
3507159,Bom Sucesso de Itararé,Itapeva,Itapetininga,3555,77487.0000,0.6600,47.2000,19.4000,1135.0000,77.2000,0.3737,576
3553856,Taquarivaí,Itapeva,Itapetininga,6876,433014.0000,0.6790,17.0600,19.4000,1135.0000,77.2000,0.3736,577
3551207,Sarutaiá,Ourinhos,Assis,3704,115635.0000,0.6880,17.8900,22.5000,1182.0000,69.9000,0.3723,578
3522158,Itaoca,Capão Bonito,Itapetininga,3422,67982.0000,0.6800,45.0000,17.8000,2035.0000,88.2000,0.3712,579
3545100,Salmourão,Adamantina,Presidente Prudente,4808,114824.0000,0.7190,13.8000,24.5000,1054.0000,63.0000,0.3701,580
3556107,Valentim Gentil,Votuporanga,São José do Rio Preto,14098,565653.0000,0.7350,10.4200,25.2000,877.0000,59.6000,0.3698,581
3547106,Santa Mercedes,Dracena,Presidente Prudente,2956,97262.0000,0.7390,2.3100,24.9000,1078.0000,61.1000,0.3669,582
3528908,Mariápolis,Adamantina,Presidente Prudente,3513,90255.0000,0.7180,2.5000,23.9000,1163.0000,64.2000,0.3668,583
3555307,Turmalina,Fernandópolis,São José do Rio Preto,1669,100226.0000,0.7360,6.3700,25.2000,877.0000,59.6000,0.3662,584
3533205,Nova Independência,Andradina,Araçatuba,4609,285939.0000,0.7350,7.6900,24.9000,1078.0000,61.1000,0.3655,585
3507753,Brejo Alegre,Birigui,Araçatuba,2565,90697.0000,0.7100,3.2700,24.2000,1011.0000,64.9000,0.3653,586
3517802,Guaraçaí,Andradina,Araçatuba,7441,374454.0000,0.7190,10.2500,24.5000,1054.0000,63.0000,0.3649,587
3544400,Rubiácea,Araçatuba,Araçatuba,2700,88679.0000,0.7210,6.2200,24.5000,1054.0000,63.0000,0.3636,588
3529609,Meridiano,Fernandópolis,São José do Rio Preto,4572,437548.0000,0.7310,11.9300,25.2000,877.0000,59.6000,0.3628,589
3526506,Lavínia,Araçatuba,Araçatuba,9689,262294.0000,0.7210,5.5300,24.5000,1054.0000,63.0000,0.3626,590
3532306,Natividade da Serra,Paraibuna/Paraitinga,Vale do Paraíba Paulista,6999,159425.0000,0.6550,44.6500,19.4000,1033.0000,78.2000,0.3621,591
3541653,Quadra,Tatuí,Itapetininga,3405,209960.0000,0.6780,8.8000,20.8000,1205.0000,73.3000,0.3621,592
3554201,Tejupá,Ourinhos,Assis,4127,341127.0000,0.6680,18.3100,20.3000,1110.0000,73.5000,0.3617,593
3540309,Pontes Gestal,Votuporanga,São José do Rio Preto,2387,152499.0000,0.7320,9.0300,25.2000,877.0000,59.6000,0.3608,594
3500907,Altair,São José do Rio Preto,São José do Rio Preto,3451,210529.0000,0.6870,13.2100,23.5000,954.0000,65.5000,0.3601,595
3503950,Aspásia,Jales,São José do Rio Preto,1842,65851.0000,0.7350,3.2100,25.2000,877.0000,59.6000,0.3593,596
3523008,Itapura,Andradina,Araçatuba,3979,209349.0000,0.7200,4.1100,24.5000,1054.0000,63.0000,0.3582,597
3511003,Castilho,Andradina,Araçatuba,19977,2275541.0000,0.7310,8.9800,24.9000,1078.0000,61.1000,0.3582,598
3546108,Santa Clara d'Oeste,Jales,São José do Rio Preto,2598,130553.0000,0.7330,4.5000,25.2000,877.0000,59.6000,0.3565,599
3508009,Buri,Itapeva,Itapetininga,20250,907833.0000,0.6670,23.0600,19.4000,1135.0000,77.2000,0.3546,600
3518008,Guarani d'Oeste,Fernandópolis,São José do Rio Preto,1968,48665.0000,0.7320,4.4900,25.2000,877.0000,59.6000,0.3542,601
3538303,Piquerobi,Presidente Prudente,Presidente Prudente,3264,100296.0000,0.7110,4.0500,23.9000,1163.0000,64.2000,0.3528,602
3535903,Paranapuã,Jales,São José do Rio Preto,4031,160653.0000,0.7320,3.1100,25.2000,877.0000,59.6000,0.3522,603
3529104,Marinópolis,Jales,São José do Rio Preto,1860,56365.0000,0.7310,3.8600,25.2000,877.0000,59.6000,0.3509,604
3545506,Sandovalina,Presidente Prudente,Presidente Prudente,3645,455962.0000,0.7090,5.0000,23.9000,1163.0000,64.2000,0.3496,605
3501202,Álvares Florence,Votuporanga,São José do Rio Preto,3915,175598.0000,0.7280,7.4000,25.2000,877.0000,59.6000,0.3492,606
3527702,Luiziânia,Birigui,Araçatuba,4701,117809.0000,0.7020,5.4500,23.8000,1072.0000,63.1000,0.3471,607
3542305,Redenção da Serra,Paraibuna/Paraitinga,Vale do Paraíba Paulista,4494,122059.0000,0.6570,31.2200,19.4000,1033.0000,78.2000,0.3471,608
3516002,Flórida Paulista,Adamantina,Presidente Prudente,12958,361684.0000,0.7150,3.8200,24.5000,1054.0000,63.0000,0.3462,609
3555356,Ubarana,São José do Rio Preto,São José do Rio Preto,5365,298746.0000,0.7000,5.1700,24.2000,1011.0000,64.9000,0.3449,610
3545704,Santa Albertina,Jales,São José do Rio Preto,6393,333897.0000,0.7280,3.7600,25.2000,877.0000,59.6000,0.3438,611
3505104,Barbosa,Birigui,Araçatuba,5640,186923.0000,0.6990,5.2700,24.2000,1011.0000,64.9000,0.3427,612
3501103,Alto Alegre,Birigui,Araçatuba,3841,172396.0000,0.7000,4.9500,23.8000,1072.0000,63.1000,0.3418,613
3515350,Euclides da Cunha Paulista,Presidente Prudente,Presidente Prudente,7924,162208.0000,0.7040,7.5700,23.9000,1163.0000,64.2000,0.3417,614
3515806,Flora Rica,Adamantina,Presidente Prudente,1487,65665.0000,0.7270,2.7100,24.9000,1078.0000,61.1000,0.3397,615
3532827,Nova Campina,Itapeva,Itapetininga,8497,260753.0000,0.6510,37.8700,19.4000,1135.0000,77.2000,0.3392,616
3556958,Vitória Brasil,Jales,São José do Rio Preto,1794,64481.0000,0.7250,3.6300,25.2000,877.0000,59.6000,0.3367,617
3510708,Cardoso,Votuporanga,São José do Rio Preto,11345,440025.0000,0.7220,8.2600,25.2000,877.0000,59.6000,0.3365,618
3534906,Pacaembu,Adamantina,Presidente Prudente,14877,285244.0000,0.7250,3.2700,24.9000,1078.0000,61.1000,0.3359,619
3533106,Nova Guataporanga,Dracena,Presidente Prudente,2156,47451.0000,0.7260,1.5000,24.9000,1078.0000,61.1000,0.3356,620
3529658,Mesópolis,Jales,São José do Rio Preto,1952,108331.0000,0.7240,4.3300,25.2000,877.0000,59.6000,0.3354,621
3506706,Boa Esperança do Sul,Araraquara,Araraquara,12978,633216.0000,0.6810,13.3200,23.4000,930.0000,65.3000,0.3349,622
3543501,Riversul,Itapeva,Itapetininga,5599,119164.0000,0.6640,13.1600,19.4000,1135.0000,77.2000,0.3331,623
3510153,Canitar,Ourinhos,Assis,6283,218328.0000,0.6800,3.4400,22.5000,1182.0000,69.9000,0.3325,624
3549003,São Francisco,Jales,São José do Rio Preto,2602,59556.0000,0.7230,3.4500,25.2000,877.0000,59.6000,0.3318,625
3535408,Panorama,Dracena,Presidente Prudente,14964,397153.0000,0.7220,5.1800,24.9000,1078.0000,61.1000,0.3317,626
3536257,Parisi,Votuporanga,São José do Rio Preto,2892,67931.0000,0.7210,5.3000,25.2000,877.0000,59.6000,0.3299,627
3549201,São João das Duas Pontes,Fernandópolis,São José do Rio Preto,2580,72713.0000,0.7200,6.8100,25.2000,877.0000,59.6000,0.3298,628
3502606,Aparecida d'Oeste,Jales,São José do Rio Preto,4086,225794.0000,0.7210,4.6500,25.2000,877.0000,59.6000,0.3289,629
3543238,Ribeirão dos Índios,Presidente Prudente,Presidente Prudente,2025,56509.0000,0.7210,3.5900,24.9000,1078.0000,61.1000,0.3271,630
3505401,Barra do Turvo,Registro,Litoral Sul Paulista,6876,145159.0000,0.6410,75.6400,17.8000,2035.0000,88.2000,0.3256,631
3540853,Pracinha,Adamantina,Presidente Prudente,2578,44001.0000,0.6960,2.2900,23.9000,1163.0000,64.2000,0.3154,632
3543006,Ribeirão Branco,Capão Bonito,Itapetininga,18627,640749.0000,0.6390,40.3800,19.4000,1135.0000,77.2000,0.3150,633
3540408,Populina,Jales,São José do Rio Preto,4127,156037.0000,0.7140,5.6100,25.2000,877.0000,59.6000,0.3141,634
3532843,Nova Canaã Paulista,Jales,São José do Rio Preto,2032,57172.0000,0.7150,2.9100,25.2000,877.0000,59.6000,0.3124,635
3536406,Paulicéia,Dracena,Presidente Prudente,7955,322394.0000,0.7110,8.7400,24.9000,1078.0000,61.1000,0.3114,636
3521606,Irapuru,Adamantina,Presidente Prudente,7085,142422.0000,0.7120,3.6000,24.9000,1078.0000,61.1000,0.3062,637
3544202,Riolândia,Votuporanga,São José do Rio Preto,10309,390635.0000,0.7030,8.9800,25.2000,877.0000,59.6000,0.2935,638
3504701,Balbinos,Bauru,Bauru,3887,82895.0000,0.6690,5.5200,23.5000,924.0000,65.8000,0.2934,639
3540259,Pontalinda,Jales,São José do Rio Preto,4127,131997.0000,0.7020,8.8700,25.2000,877.0000,59.6000,0.2910,640
3552551,Suzanápolis,Andradina,Araçatuba,3408,511504.0000,0.6990,5.6400,25.2000,877.0000,59.6000,0.2793,641
3528700,Marabá Paulista,Presidente Prudente,Presidente Prudente,4573,201668.0000,0.6770,4.9800,23.9000,1163.0000,64.2000,0.2753,642
3518909,Guzolândia,Auriflama,São José do Rio Preto,4246,120156.0000,0.6970,5.1800,25.2000,877.0000,59.6000,0.2740,643
3509106,Caiuá,Presidente Prudente,Presidente Prudente,5466,111895.0000,0.6970,4.7600,24.9000,1078.0000,61.1000,0.2731,644
3534807,Ouro Verde,Dracena,Presidente Prudente,7779,186891.0000,0.6920,5.0000,24.9000,1078.0000,61.1000,0.2619,645
